vehicle;image;sequence;movie;image_url
Renault 11;Vehicle_-_Renault_Taxi.png;Bond commandeers this car and takes it on a pursuit through . During the pursuit the car has its roof chopped off and then later the entire back half of the car is ripped off.;A View to a Kill;https://static.wikia.nocookie.net/jamesbond/images/b/b8/Vehicle_-_Renault_Taxi.png
Rolls-Royce Silver Cloud II;Vehicle_-_Rolls-Royce_Silver_Cloud_2.png;driven by Bond's companion . Along with its driver, it meets an untimely demise when pushed into a lake by .;A View to a Kill;https://static.wikia.nocookie.net/jamesbond/images/1/1d/Vehicle_-_Rolls-Royce_Silver_Cloud_2.png
Ford Bronco XLT;Bronco1.jpg;Driven by , Bond's CIA contact.;A View to a Kill;https://static.wikia.nocookie.net/jamesbond/images/4/4b/Bronco1.jpg
Ford Thunderbird;Vehicle - VTAK Thunderbird.png;car driven by Gogol to pick Pola Ivanova after she steals the (wrong) audio cassette from Bond.;A View to a Kill;https://static.wikia.nocookie.net/jamesbond/images/0/02/Vehicle_-_VTAK_Thunderbird.png
Renault Fuego Turbo;Vehicle - VTAK Renault Fuego Turbo.png;driven by Jenny Flex and Pan Ho, before Tibbett gets killed by May Day.;A View to a Kill;https://static.wikia.nocookie.net/jamesbond/images/c/c8/Vehicle_-_VTAK_Renault_Fuego_Turbo.png
1977 Cadillac Fleetwood limousine;Vehicle_-_Cadillac_Fleetwood_Limousine.png;No description available;A View to a Kill;https://static.wikia.nocookie.net/jamesbond/images/8/8a/Vehicle_-_Cadillac_Fleetwood_Limousine.png
Dodge Monaco;Unknown - Infobox.png;San Francisco Police Department motorcars during the fire engine chase.;A View to a Kill;
Dodge Diplomat;Unknown - Infobox.png;San Francisco Police Department motorcars during the fire engine chase.;A View to a Kill;
Land Rover Range Rover Series I;Vehicle_- VTAK Range Rover Series I.png;driven by Zorin's thugs at the horse racecourse.;A View to a Kill;https://static.wikia.nocookie.net/jamesbond/images/0/00/Vehicle_-_VTAK_Range_Rover_Series_I.png
Dodge D-100;Vehicle_- Dodge D-100.png;Max Zorin owns a red D-100 in A View to a Kill, where it is used by his mine workers at the Main Strike Mine.;A View to a Kill;https://static.wikia.nocookie.net/jamesbond/images/5/5c/Vehicle_-_Dodge_D-100.png
MBB Bo 105;Vehicle_-_MBB_Bo_105_2015.png;No description available;A View to a Kill;https://static.wikia.nocookie.net/jamesbond/images/6/68/Vehicle_-_MBB_Bo_105_2015.png
Eurocopter AS355;Vehicle_-_Eurocopter AS355.png;white version is seen landing at Zorin's villa, bringing Stacey Sutton to its premises.;A View to a Kill;https://static.wikia.nocookie.net/jamesbond/images/8/89/Vehicle_-_Eurocopter_AS355.png
Skyship 6000;Skyship 6000.png;Max Zorin's first a larger airship. It is used for conferencing facilities, where Zorin first proposes the Main Strike plan.;A View to a Kill;https://static.wikia.nocookie.net/jamesbond/images/8/82/Skyship_6000.png
Skyship 500;Vehicle_-_Blimp.png;Max Zorin's second, a much smaller blimp. It was intended to be used for Zorin to watch the destruction of Silicon Valley, but with that plan thwarted was a getaway vehicle that meets its end on the Golden Gate Bridge.;A View to a Kill;https://static.wikia.nocookie.net/jamesbond/images/a/aa/Vehicle_-_Blimp.png
Iceberg Submarine;Vehicle_-_Iceberg.png;No description available;A View to a Kill;https://static.wikia.nocookie.net/jamesbond/images/f/fb/Vehicle_-_Iceberg.png
Glastron CVX-18 Intimidator;Intimidator1.jpg;No description available;A View to a Kill;https://static.wikia.nocookie.net/jamesbond/images/8/87/Intimidator1.jpg
Ford Mustang Mach 1;Vehicle_-_Ford_Mustang_Mach_1.png;"after escaping henchmen Bond is picked up by Tiffany Case in this car while in Las Vegas; Bond uses it to elude the Las Vegas Police.";Diamonds Are Forever;https://static.wikia.nocookie.net/jamesbond/images/9/92/Vehicle_-_Ford_Mustang_Mach_1.png
Triumph Stag;Vehicle_-_Triumph_Stag.png;Bond is seen early in the movie driving a yellow Stag to Amsterdam, while posing as diamond smuggler Peter Franks.;Diamonds Are Forever;https://static.wikia.nocookie.net/jamesbond/images/9/9c/Vehicle_-_Triumph_Stag.png
Ford Galaxie 500;Bondwiki Bond Ford Galaxie waiting.jpg;The car Bond has when Leiter tries to survey Tiffany Case at the funfair. Also used by some of Whyte Electronics security that chase down Bond after he escapes the lab.;Diamonds Are Forever;https://static.wikia.nocookie.net/jamesbond/images/a/aa/Bondwiki_Bond_Ford_Galaxie_waiting.jpg
1970 Ford Custom;Vehicle_-_Ford_Custom_1970_DAF_CIA.png;the blue-white cars used by the Las Vegas Police. Black ones are later used by Felix Leiter and the CIA agents, when they search the house where Willard Whyte is imprisoned at.;Diamonds Are Forever;https://static.wikia.nocookie.net/jamesbond/images/8/82/Vehicle_-_Ford_Custom_1970_DAF_CIA.png
1971 Ford Custom;Vehicle_-_Ford_Custom_1971_DAF_BW_Police.png;first appear as cars driven by Whyte Electronic security. Later appear as the black-white cars of the Las Vegas Police.;Diamonds Are Forever;https://static.wikia.nocookie.net/jamesbond/images/2/29/Vehicle_-_Ford_Custom_1971_DAF_BW_Police.png
Cadillac Funeral Coach;Vehicle - Cadillac Funeral Coach.png;the Slumber Inc hearse that picks up Bond and takes him to the funeral parlor.;Diamonds Are Forever;https://static.wikia.nocookie.net/jamesbond/images/3/32/Vehicle_-_Cadillac_Funeral_Coach.png
Honda ATC 90;Vehicle_-_Honda_ATV.png;Bond commandeers an all-terrain vehicle after he ditches the moon buggy.;Diamonds Are Forever;https://static.wikia.nocookie.net/jamesbond/images/7/79/Vehicle_-_Honda_ATV.png
Moon buggy;Vehicle_-_Moon_Buggy.png;Used by Bond to escape from the laboratory. Fast but infamously fragile, one of its wheels can be seen rolling past the camera position as Bond drives by it during the escape.;Diamonds Are Forever;https://static.wikia.nocookie.net/jamesbond/images/a/a8/Vehicle_-_Moon_Buggy.png
Manitowoc 3900;Vehicle_-_DAF_Oil_Platform_Crane.png;the mobile crane at Blofeld's Baja oil rig. Used by Bond to wreck Blofeld's Bathosub and destroy the control center for the diamond satellite.;Diamonds Are Forever;https://static.wikia.nocookie.net/jamesbond/images/7/78/Vehicle_-_DAF_Oil_Platform_Crane.png
Hughes OH-06;Vehicle_-_MD 500 Helicopters.png;first appears when piloted by diamond smuggler Joe. Later in the film, armed variants are used by US military to siege Blofeld's Baja Oilrig.;Diamonds Are Forever;https://static.wikia.nocookie.net/jamesbond/images/8/86/Vehicle_-_MD_500_Helicopters.png
Bell 206 JetRanger;Bondwiki DAF71 Bell206 Whyte1.jpg;Willard Whyte's personal helicopter. Appears during the siege on Blofeld's Baja Oilrig.;Diamonds Are Forever;https://static.wikia.nocookie.net/jamesbond/images/0/0b/Bondwiki_DAF71_Bell206_Whyte1.jpg
Bell UH-1 Iroquois;JGSDF UH-1H(front) (recortada).jpg;used by US military to siege Blofeld's Baja Oilrig.;Diamonds Are Forever;https://static.wikia.nocookie.net/jamesbond/images/e/e7/JGSDF_UH-1H%28front%29_%28recortada%29.jpg
Bathosub;Vehicle_-Bathosub.png;No description available;Diamonds Are Forever;https://static.wikia.nocookie.net/jamesbond/images/3/36/Vehicle_-Bathosub.png
SS Canberra;Canberra (38978832350).jpg;cruise ship at the end of the movie.;Diamonds Are Forever;https://static.wikia.nocookie.net/jamesbond/images/b/b7/Canberra_%2838978832350%29.jpg
Aston Martin V12 Vanquish;Vehicle_-_Aston_Martin_V12_Vanquish.png;No description available;Die Another Day;https://static.wikia.nocookie.net/jamesbond/images/f/f3/Vehicle_-_Aston_Martin_V12_Vanquish.png
Ford Fairlane;Vehicle_-_Ford_Fairlane_500.png;Classic automobile briefly driven by Bond during his visit to . A homage to ''Dr. No'' when Bond drives a 1957 Chevrolet Bel Air, a classic Ford was used in the film since FoMoCo vehicles (including those from Ford's Premiere Automotive Group) were extensively used.;Die Another Day;https://static.wikia.nocookie.net/jamesbond/images/7/77/Vehicle_-_Ford_Fairlane_500.png
Jaguar XKR;Vehicle_-_Jaguar_XKR_-X100-.png;A convertible driven by , the car was extremely similar in almost every way to a James Bond automobile. The vehicle includes a gatling gun, thermal imaging capabilities, mortar bombs, rockets under the front grille, miniature missiles hidden in the door, and front ramming spikes.;Die Another Day;https://static.wikia.nocookie.net/jamesbond/images/f/f2/Vehicle_-_Jaguar_XKR_-X100-.png
2002 Ford Thunderbird;Vehicle_-_Ford_Thunderbird.png;"Although only on screen for a short period of time, the vehicle was marketed as a Bond car. In fact Ford created a special ""007 edition"" of the car. In Bond spirit, only 700 were made. Jinx drives the 2002 Ford Thunderbird up to Graves ice palace. It's unknown what type of gadgets, if any, were installed.";Die Another Day;https://static.wikia.nocookie.net/jamesbond/images/5/58/Vehicle_-_Ford_Thunderbird.png
Switchblade;Vehicle_-_Switchblade.png;the Switchblade is essentially a one-man glider shaped like a fighter jet. It features retractable wings that control the speed and trajectory of the craft. Fitted with the same material on a stealth bomber, the switchblade allows Bond and Jinx to enter North Korea undetected.;Die Another Day;https://static.wikia.nocookie.net/jamesbond/images/b/bc/Vehicle_-_Switchblade.png
Boeing 747-436;BONDWIKI DAD PlaneBritAirways1.jpg;used by Bond to fly to England to try find Gustav Graves.;Die Another Day;https://static.wikia.nocookie.net/jamesbond/images/1/19/BONDWIKI_DAD_PlaneBritAirways1.jpg
Antonov An-124;Vehicle_-_Antonov_An-124.png;this aircraft is used to transport Gustav Graves' equipment out of Iceland. It is later used as Graves' airborne command centre during the Icarus attack on the .;Die Another Day;https://static.wikia.nocookie.net/jamesbond/images/7/73/Vehicle_-_Antonov_An-124.png
Mil Mi-8;Vehicle_-_Mil Mi-8.png;"vehicle transporting Van Bierk to Colonel Moon's base. It is hijacked by Bond and his accomplices to use to go instead of Van Bierk. Destroyed by Colonel Moon's XM29 ""Tank Buster"".";Die Another Day;https://static.wikia.nocookie.net/jamesbond/images/c/cf/Vehicle_-_Mil_Mi-8.png
MD Helicopters MD 600N;Vehicle_-_MD 600N.png;No description available;Die Another Day;https://static.wikia.nocookie.net/jamesbond/images/6/6d/Vehicle_-_MD_600N.png
Sunbeam Alpine;Vehicle_-_Sunbeam_Alpine.png;"Bond drives to Miss Taro's home in the Blue Mountains; he is pursued by Dr. No's thugs driving a LaSalle hearse. In the novel version, Bond drives the car that formerly belonged to Commander Strangways, the murdered agent in Kingston. It is also driven by Quarrel.";Dr. No;https://static.wikia.nocookie.net/jamesbond/images/9/98/Vehicle_-_Sunbeam_Alpine.png
Chevrolet Bel Air Convertible;Vehicle_-_Chevrolet_Bel_Air.png;"When 007 arrives in Jamaica, this was the first car Bond was a passenger in; however, the car was stolen, as depicted later in the film. It is driven by a chauffeur known only as ""Mr Jones"" who is in fact an agent of Dr. No.";Dr. No;https://static.wikia.nocookie.net/jamesbond/images/8/8d/Vehicle_-_Chevrolet_Bel_Air.png
LaSalle Funeral Coach;Lasalle.jpg;Operated by the .;Dr. No;https://static.wikia.nocookie.net/jamesbond/images/1/19/Lasalle.jpg
Dragon tank;Vehicle_-_Dragon_Tank.png;A modified swamp buggy with dragon camouflage and armor plating. The dragon tank was employed by Dr. Julius No to keep inquisitive locals away from his operations on Crab Key. It is equipped with a forward-firing flame thrower.;Dr. No;https://static.wikia.nocookie.net/jamesbond/images/7/79/Vehicle_-_Dragon_Tank.png
Lotus Turbo Esprit (1980);Vehicle_-_Lotus_Esprit_Turbo.png;this vehicle was cosmetically similar to the S1, but mechanically different, as it exhibited no submarine capabilities. It was most notable for its remarkable security system, which detonated and destroyed the car when  broke the driver's window in an attempt to force entry into the car. Q Branch provided a second Turbo to Bond - in bronze instead of white - later in the movie.;For Your Eyes Only;https://static.wikia.nocookie.net/jamesbond/images/1/17/Vehicle_-_Lotus_Esprit_Turbo.png
Citroën 2CV;Vehicle_-_Citroen_2CV.png;"A tiny but seemingly indestructible (rental) car belonging to  that Bond uses to make a ""fast"" getaway after Melina assassinates , who murdered her parents. The car used in the movie was allegedly fitted with a Citroën GS 4-cylinder boxer engine (in place of the standard 2-cylinder boxer), to make it able to outrun the two Peugeot 504s in pursuit.";For Your Eyes Only;https://static.wikia.nocookie.net/jamesbond/images/2/2f/Vehicle_-_Citroen_2CV.png
Peugeot 504;Vehicle_- Peugeot 504.png;used by Gonzales' henchmen to chase down the Citroën 2CV driven by Bond and Melina.;For Your Eyes Only;https://static.wikia.nocookie.net/jamesbond/images/f/fb/Vehicle_-_Peugeot_504.png
Rolls-Royce Silver Shadow I LWB;Vehicle_-_Rolls-Royce_Silver_Wraith II.png;a Silver Wraith II is owned by Aris Kristatos and takes Bond and the Countess Lisl home from the casino.;For Your Eyes Only;https://static.wikia.nocookie.net/jamesbond/images/3/30/Vehicle_-_Rolls-Royce_Silver_Wraith_II.png
Mercedes-Benz 280 SE;Vehicle - Mercedes-Benz 280 SE.png;Locque's personal car, which he uses to drive to Hector Gonzales' villa and later attempts to escape the Albanian warehouse with, only to die inside it when Bond kicks it off the cliff.;For Your Eyes Only;https://static.wikia.nocookie.net/jamesbond/images/0/06/Vehicle_-_Mercedes-Benz_280_SE.png
Mercedes-Benz 200 D;Vehicle_-_Mercedes-Benz 200 D.png;Locque, Kriegler, Claus and other henchmen use a dark red Mercedes-Benz 200 D facelift model when hunting James Bond in Cortina d'Ampezzo.;For Your Eyes Only;https://static.wikia.nocookie.net/jamesbond/images/9/9b/Vehicle_-_Mercedes-Benz_200_D.png
Yamaha XT 500;Vehicle_-_Yamaha_XT500.png;used by the assassins that attack Bond at Cortina d'Ampezzo.;For Your Eyes Only;https://static.wikia.nocookie.net/jamesbond/images/6/6f/Vehicle_-_Yamaha_XT500.png
GP Super Buggy Series III;Vehicle - FYEO Buggy.png;used by Locque and other hitmen to try kill Bond and Lisl on the beach.;For Your Eyes Only;https://static.wikia.nocookie.net/jamesbond/images/2/25/Vehicle_-_FYEO_Buggy.png
Zamboni;Vehicle - FYEO Zamboni.png;appears during the fight at the Ice Hockey rink.;For Your Eyes Only;https://static.wikia.nocookie.net/jamesbond/images/e/ec/Vehicle_-_FYEO_Zamboni.png
Mercedes-Benz LP;Vehicle - FYEO MB LP65.png;appears during Spain chase.;For Your Eyes Only;https://static.wikia.nocookie.net/jamesbond/images/e/e2/Vehicle_-_FYEO_MB_LP65.png
Mercedes-Benz O 322;Vehicle - FYEO MB O 322.png;appears during Spain chase.;For Your Eyes Only;https://static.wikia.nocookie.net/jamesbond/images/f/f9/Vehicle_-_FYEO_MB_O_322.png
Mercedes-Benz L 1413;Vehicle - FYEO MB L1413.png;appears during Spain chase.;For Your Eyes Only;https://static.wikia.nocookie.net/jamesbond/images/d/da/Vehicle_-_FYEO_MB_L1413.png
Bell 206 JetRanger;Vehicle - Bell 206 JetRanger OHMSS.png;"helicopter that's guided indirectly by the ""Mystery Assailant"" to try kill Bond after the latter visits the graveyard.";For Your Eyes Only;https://static.wikia.nocookie.net/jamesbond/images/2/2e/Vehicle_-_Bell_206_JetRanger_OHMSS.png
Mil Mi-2;Vehicle - Mil Mi-2 FYEO.png;"the helicopter General Gogol and his bodyguards arrive to St. Cyril's Monastery with. <small>(Note: these copters were made by the Polish ""PZL-Świdnik"" for Soviet Union and its client states.)</small>";For Your Eyes Only;https://static.wikia.nocookie.net/jamesbond/images/f/fe/Vehicle_-_Mil_Mi-2_FYEO.png
Cessna A185F;Vehicle_-_Cessna_A185F.png;used by Gonzales to gun down the Havelocks.;For Your Eyes Only;https://static.wikia.nocookie.net/jamesbond/images/9/96/Vehicle_-_Cessna_A185F.png
Neptune Submarine;Vehicle - Neptune Sub.png;used by Bond and Melina to go to wreck of St. Georges. Later gets attacked by a Mantis submarine operated by one of Kristatos' underlings.;For Your Eyes Only;https://static.wikia.nocookie.net/jamesbond/images/6/6b/Vehicle_-_Neptune_Sub.png
Mantis Submarine;Vehicle - Mantis Sub.png;used by one of Kristatos' underlings to attack Bond and Melina in their Neptune sub.;For Your Eyes Only;https://static.wikia.nocookie.net/jamesbond/images/d/d1/Vehicle_-_Mantis_Sub.png
St. Georges;Vehicle - StGeorges FYEO81.png;clandestine British electronic surveillance ship, disguised as an innocuous-looking Maltese fishing trawler. It housed the ATAC and gets scuttled by a seamine set by Kristatos' henchmen. Later in the film, Bond and Melina scuba dive inside it to retrieve ATAC.;For Your Eyes Only;https://static.wikia.nocookie.net/jamesbond/images/a/a3/Vehicle_-_StGeorges_FYEO81.png
Triana;Vehicle - Triana.png;No description available;For Your Eyes Only;https://static.wikia.nocookie.net/jamesbond/images/1/16/Vehicle_-_Triana.png
Santa Mavra;Santamavra1.jpg;No description available;For Your Eyes Only;https://static.wikia.nocookie.net/jamesbond/images/7/73/Santamavra1.jpg
SS Columbina;Vehicle - Columbina FYEO Movie.png;Columbo's yatch. Bond its taken aboard after Lisl is killed on the beach.;For Your Eyes Only;https://static.wikia.nocookie.net/jamesbond/images/1/16/Vehicle_-_Columbina_FYEO_Movie.png
Bentley 3½ Litre;Vehicle_-_Bentley_Mark_IV.png;Contrary to the films, James Bond's official car in the  novels was a grey 1933 Bentley convertible. The car featured a 4.5 litre engine with the Amherst-Villiers supercharger. In the novels, no gadgets were installed as this was Bond's personal vehicle that in ' is mentioned as being a hobby that Bond enjoys working on. Its only armament, in the novels, is a high power revolver Bond keeps in the glove compartment. The novel version of the Bentley Mark IV was destroyed during a chase sequence in '. The Bentley is also seen in ''From Russia with Love''. In the movie, the only gadget known to be included was a car phone. The film version of ''Goldfinger'' strongly implies that the Bentley was issued to Bond by Q-Branch;From Russia with Love;https://static.wikia.nocookie.net/jamesbond/images/1/11/Vehicle_-_Bentley_Mark_IV.png
Blofeld's Yacht;Vehicle_-_Blofeld's Yacht.png;No description available;From Russia with Love;https://static.wikia.nocookie.net/jamesbond/images/f/f3/Vehicle_-_Blofeld%27s_Yacht.png
Hiller UH-12;Vehicle_-Hiller UH-12.png;Used by . First appears when it brings Rosa Klebb to the . After Bond and Tatiana get out of the train, SPECTRE operatives use a UH-12 to try chase them down. It is destroyed when Bond snipes the co-pilot with his AR-7, who had pulled a sock of an grenade, causing the co-pilot to drop it inside and exploding the helicopter.;From Russia with Love;https://static.wikia.nocookie.net/jamesbond/images/9/9e/Vehicle_-Hiller_UH-12.png
Rolls-Royce Silver Wraith;Vehicle_- Rolls-Royce Silver Wraith I.png;Driven by one of Kerim's sons, who picks Bond from Yesilköy Airport and chauffeurs him to Kerim's location.;From Russia with Love;https://static.wikia.nocookie.net/jamesbond/images/7/7f/Vehicle_-_Rolls-Royce_Silver_Wraith_I.png
Citroën Traction Avant;Vehicle_-Citroën Traction Avant.png;It is used by Bulgarian spies to track Bond through Istanbul. It is later stolen by Red Grant to follow Bond.;From Russia with Love;https://static.wikia.nocookie.net/jamesbond/images/7/7b/Vehicle_-Citro%C3%ABn_Traction_Avant.png
Chevrolet Apache C30 One-Ton Truck;Vehicle_- Chevrolet Apache C30.png;pick-up truck guarded by , that was meant to be Red Grant's getaway vehicle. It is instead hijacked by Bond and Tania.;From Russia with Love;https://static.wikia.nocookie.net/jamesbond/images/3/34/Vehicle_-_Chevrolet_Apache_C30.png
Fairey Huntress 23;Vehicle_- Fairey Huntress 23_BondTania.png;Boats used during the last action sequence near Trieste. Bond and Tania steal one with bunch of barrels attached on the rear, with SPECTRE henchmen soon arriving with Huntress 23 boats with black decals.;From Russia with Love;https://static.wikia.nocookie.net/jamesbond/images/3/32/Vehicle_-_Fairey_Huntress_23_BondTania.png
Aston Martin DB5;Vehicle_-_Aston_Martin_DB5.png;The most famous Bond car of all, it came with all the usual Q-Branch refinements which have been copied from movie to movie including bulletproof front and rear panels, oil slick, smoke screen, machine guns, rotating licence plates, telescoping tire slashers, tracer-receiving console and most famously, the passenger ejector seat.;Goldfinger;https://static.wikia.nocookie.net/jamesbond/images/0/0a/Vehicle_-_Aston_Martin_DB5.png
Rolls-Royce Phantom III;Vehicle_-_Rolls-Royce_Phantom_III.png;"Owned by Auric Goldfinger, it was used to smuggle gold by recasting all of the body panels in gold and shipping it from place to place. Often mistakenly called the ""Phantom 337"" as that is what Connery said in the film. If the car was actually called the ""337,"" Connery probably would have spelled out ""three-three-seven,"" as the British commonly do.";Goldfinger;https://static.wikia.nocookie.net/jamesbond/images/1/19/Vehicle_-_Rolls-Royce_Phantom_III.png
Ford Mustang Convertible (1964.5);Vehicle_-_1965_Ford_Mustang_Convertible.png;Tilly Masterson is seen driving a white Mustang - the convertible is totaled after Bond shreds the tires and lower rocker panels. This was the first appearance of a Mustang in a feature film. Other Fords were seen in the film, including a Ranchero and a Lincoln Continental.;Goldfinger;https://static.wikia.nocookie.net/jamesbond/images/6/68/Vehicle_-_1965_Ford_Mustang_Convertible.png
Mercedes-Benz 190 (W121);Vehicle_-_Mercedes-Benz 190 (W121).png;Two 190/W121 cars are used to chase down Bond's DB5 at Goldfinger's Factory in Switzerland.;Goldfinger;https://static.wikia.nocookie.net/jamesbond/images/e/eb/Vehicle_-_Mercedes-Benz_190_%28W121%29.png
Mercedes-Benz 220 SE (W128);Vehicle_-_Mercedes-Benz 220 SE.png;Oddjob is a passenger in a grey 220 SE during the car chase at Goldfinger's Factory in Switzerland.;Goldfinger;https://static.wikia.nocookie.net/jamesbond/images/e/e0/Vehicle_-_Mercedes-Benz_220_SE.png
Piper PA-28 Cherokee;Vehicle_-_Piper PA-28 Cherokee.png;the type of aircraft used by the members of . They are used to (falsely) spread the Delta 9 Nerve Gas upon Fort Knox and the surrounding area.;Goldfinger;https://static.wikia.nocookie.net/jamesbond/images/0/0c/Vehicle_-_Piper_PA-28_Cherokee.png
1964 Lincoln Continental (Fourth Generation);Vehicle_-_Lincoln Continental Gen 4.png;Car driven by  to take  to the nearby junkyard and kill him there. The car is subsequently crushed into a cube with Solo's body inside.;Goldfinger;https://static.wikia.nocookie.net/jamesbond/images/b/b3/Vehicle_-_Lincoln_Continental_Gen_4.png
Dodge M43;Vehicle_-_Dodge M43.png;posing as an army ambulance, it is used to bring the  to Fort Knox to cut through the armored shutters.;Goldfinger;https://static.wikia.nocookie.net/jamesbond/images/a/ad/Vehicle_-_Dodge_M43.png
Lockheed JetStar;Vehicle_-_Goldfinger_JetStar.png;Used as Auric Goldfinger's private jet. It is later disguised as a United States Air Force C-140 transport to kidnap Bond while Goldfinger makes his escape.;Goldfinger;https://static.wikia.nocookie.net/jamesbond/images/1/19/Vehicle_-_Goldfinger_JetStar.png
Rolls-Royce Phantom V;Vehicle - LTK RR PhantomV.png;limousine in which Bond, Leiter and Sharkey ride to Leiter's wedding, before DEA informs them of Sanchez's presence in Bahamas.;Licence to Kill;https://static.wikia.nocookie.net/jamesbond/images/3/37/Vehicle_-_LTK_RR_PhantomV.png
Lincoln Town Car Stretched Limousine;Vehicle_-_LTK_Lincoln_Town_Car_Stretch_Limo.png;limousine that's bringing Della to the church.;Licence to Kill;https://static.wikia.nocookie.net/jamesbond/images/8/8b/Vehicle_-_LTK_Lincoln_Town_Car_Stretch_Limo.png
Willys M38;Vehicle_-_Willys_MC_M38.png;used by Sanchez and his thugs at Alvarez's hideout.;Licence to Kill;https://static.wikia.nocookie.net/jamesbond/images/d/d3/Vehicle_-_Willys_MC_M38.png
Lincoln Mark VII LSC;Vehicle - LTK LincolnMkVII.png;Bond's rental car in Key West.;Licence to Kill;https://static.wikia.nocookie.net/jamesbond/images/2/25/Vehicle_-_LTK_LincolnMkVII.png
Utilimaster Aeromaster;Vehicle_-_LTK_Armored_Van.png;the armored van that is used to transport Sanchez before Kilifer reveals his true colors.;Licence to Kill;https://static.wikia.nocookie.net/jamesbond/images/9/9e/Vehicle_-_LTK_Armored_Van.png
Rolls-Royce Silver Shadow II;Vehicle_-_Rolls-Royce_Silver_Shadow_II.png;the car Bond is chauffeured around Isthmus City by Q with.;Licence to Kill;https://static.wikia.nocookie.net/jamesbond/images/7/7f/Vehicle_-_Rolls-Royce_Silver_Shadow_II.png
Maserati Biturbo 425i;Vehicle - Maserati Biturbo 425i.png;No description available;Licence to Kill;https://static.wikia.nocookie.net/jamesbond/images/4/4c/Vehicle_-_Maserati_Biturbo_425i.png
Dodge Ram;Vehicle_-_Dodge Ram.png;used by Sanchez's henchmen at Paso El Diablo.;Licence to Kill;https://static.wikia.nocookie.net/jamesbond/images/9/9a/Vehicle_-_Dodge_Ram.png
Jeep CJ-7;Vehicle - Jeep CJ7.png;used by Perez and some other henchmen at Paso El Diablo. It carries the Stinger missiles Perez tries to destroy Bond's truck with. It gets crushed by Bond's truck.;Licence to Kill;https://static.wikia.nocookie.net/jamesbond/images/5/5e/Vehicle_-_Jeep_CJ7.png
Taylor-Dunn Tee-Bird;Vehicles - Taylor-Dunn Tee-Bird.png;cart that brings Pam to Joe Butcher at the Olympatec.;Licence to Kill;https://static.wikia.nocookie.net/jamesbond/images/b/be/Vehicles_-_Taylor-Dunn_Tee-Bird.png
Kenworth W-900;Vehicle_- Kenworth W-900.png;Sanchez has four of these trucks leave his plant after Bond destroys the place. Bond eventually hijacks one.;Licence to Kill;https://static.wikia.nocookie.net/jamesbond/images/5/5b/Vehicle_-_Kenworth_W-900.png
M5 Stuart Tank;Vehicle_- M5 Stuart Tank.png;tank used by Heller and the Isthmusian soldiers to siege the safe house of the Hong Kong narcotics agents.;Licence to Kill;https://static.wikia.nocookie.net/jamesbond/images/8/89/Vehicle_-_M5_Stuart_Tank.png
HH-65A Dolphin;Vehicle_-_AS365 Dauphin.png;operated by the United States Coast Guard in the pre-title sequence. James Bond later uses the helicopter to trap escaping Sanchez's Cessna 172.;Licence to Kill;https://static.wikia.nocookie.net/jamesbond/images/0/0f/Vehicle_-_AS365_Dauphin.png
Aerospatiale AS350B AStar;Vehicle_-_Eurocopter AS350B.png;Used by Sanchez to travel between his villa and the Olympatec Meditation Institute.;Licence to Kill;https://static.wikia.nocookie.net/jamesbond/images/7/73/Vehicle_-_Eurocopter_AS350B.png
Learjet 35;Vehicle - Learjet 35.png;used by Sanchez to arrive to Bahamas.;Licence to Kill;https://static.wikia.nocookie.net/jamesbond/images/c/cd/Vehicle_-_Learjet_35.png
Cessna 172P Skyhawk;Vehicle_-_Cessna_172_LTK.png;Sanchez uses one to try escape Bond and Felix during the pre-title sequence.;Licence to Kill;https://static.wikia.nocookie.net/jamesbond/images/6/67/Vehicle_-_Cessna_172_LTK.png
Cessna A185F;Vehicle - LTK A185F.png;Floatplane hijacked by Bond during the Wavekrest sequence.;Licence to Kill;https://static.wikia.nocookie.net/jamesbond/images/3/39/Vehicle_-_LTK_A185F.png
Piper PA-18-150 Super Cub;Vehicle_-_Piper_PA-18-150_Super_Cub_Plane.png;A crop dusting plane flown by  in pursuit of 's cocaine-filled Tankers. It is crippled by a stinger surface-to-air missile during the chase sequence.;Licence to Kill;https://static.wikia.nocookie.net/jamesbond/images/f/f7/Vehicle_-_Piper_PA-18-150_Super_Cub_Plane.png
Shark Hunter II Submersible;Shark Hunter II (1).png;midget submarine operated by Milton Krest's Wavekrest Marine Research. Its supposedly unused, when in reality, its was used to for Franz Sanchez's operations.;Licence to Kill;https://static.wikia.nocookie.net/jamesbond/images/e/e3/Shark_Hunter_II_%281%29.png
Cigarette Racing Café Racer;Vehicle_-_Cigarette_Racing_Cafe_Racer.png;motorboat used by Bond to arrive to Barrelhead Bar and then later escape it with Pam Bouvier.;Licence to Kill;https://static.wikia.nocookie.net/jamesbond/images/1/1d/Vehicle_-_Cigarette_Racing_Cafe_Racer.png
Supra Pirata;Vehicle_-_Super_Pirata.png;the motorboat used by Lupe to leave Sanchez's villa to help Bond covertly leave.;Licence to Kill;https://static.wikia.nocookie.net/jamesbond/images/2/2b/Vehicle_-_Super_Pirata.png
Wavekrest;Vehicle_-_Wavekrest_Movie.png;"marine research vessel operated by Milton Krest. Bond sneaks aboard this ship a couple of times during the story. <small>(This vessel was called ""State Point"" when movie was filmed, and current goes by ""J.W. Powell"".)</small>";Licence to Kill;https://static.wikia.nocookie.net/jamesbond/images/0/05/Vehicle_-_Wavekrest_Movie.png
Rolls-Royce Silver Shadow I LWB;Vehicle_-_Rolls-Royce_Silver_Wraith II.png;When Bond arrives in Rio de Janeiro, he is seen as a passenger in a blue Silver Wraith II which takes him to his hotel.;Moonraker;https://static.wikia.nocookie.net/jamesbond/images/3/30/Vehicle_-_Rolls-Royce_Silver_Wraith_II.png
Austin Mini Moke;Vehicle - Moonraker Film Mini Moke.png;No description available;Moonraker;https://static.wikia.nocookie.net/jamesbond/images/3/35/Vehicle_-_Moonraker_Film_Mini_Moke.png
Bell 206 JetRanger;Vehicle - 206JetRanger Moonraker.png;one is piloted by Corrine to bring Bond to Drax's Estate in California.;Moonraker;https://static.wikia.nocookie.net/jamesbond/images/9/90/Vehicle_-_206JetRanger_Moonraker.png
Handley Page HP.137 Jetstream 1;Vehicle_-_Handley_Page_Jetstream.png;In the pre-titles sequence, Bond is almost left stranded on this aircraft with no pilot and no instruments, until he is pushed out with no parachute by Jaws.;Moonraker;https://static.wikia.nocookie.net/jamesbond/images/9/99/Vehicle_-_Handley_Page_Jetstream.png
Gondola Hovercraft;Vehicle_-_Gondola.png;No description available;Moonraker;https://static.wikia.nocookie.net/jamesbond/images/d/d7/Vehicle_-_Gondola.png
Q's Hydrofoil Boat;Vehicle_-_Glastron_Boat.png;No description available;Moonraker;https://static.wikia.nocookie.net/jamesbond/images/9/9b/Vehicle_-_Glastron_Boat.png
Glastron SSV-189;Vehicle - Moonraker Villain Glastron SVV-189.png;used by Drax's sentries during the Amazon river chase.;Moonraker;https://static.wikia.nocookie.net/jamesbond/images/d/d8/Vehicle_-_Moonraker_Villain_Glastron_SVV-189.png
Moonraker Shuttle;Vehicle_-_Moonraker_Shuttle.png;"""Moonraker"" is a brand name applied to a space shuttle orbiter design, built by Drax Industries for NASA. Though the actual Space Shuttle had not flown by the time ''Moonraker'' was released, the Drax Moonraker is identical in design. These were named Moonraker 1-6.";Moonraker;https://static.wikia.nocookie.net/jamesbond/images/5/52/Vehicle_-_Moonraker_Shuttle.png
Land Rover Range Rover Convertible;Vehicle_-Land Rover Range Rover Convertible.png;Appears in the pre-title sequence, where it was driven by James Bond and his colleague Bianca. It is used to tow a horsebox, which secretly contains the AcroStar/Bede BD-5J inside.;Octopussy;https://static.wikia.nocookie.net/jamesbond/images/1/1e/Vehicle_-Land_Rover_Range_Rover_Convertible.png
Mercedes-Benz 280 S (W108);Vehicle_-_Mercedes-Benz_280_S.png;Bond commandeers this Soviet Army staff car to pursue Octopussy's train. When the tires are shredded by a spikestrip, Bond turns onto the railway line and drives the car along the rails until he escapes just before the car is knocked into the river by an oncoming train.;Octopussy;https://static.wikia.nocookie.net/jamesbond/images/6/6e/Vehicle_-_Mercedes-Benz_280_S.png
Alfa Romeo GTV6;Vehicle_-_1981_Alfa_Romeo_GTV_6.png;After falling from Octopussy's train and hitching a lift in a Volkswagen Beetle, Bond steals this car to make the last stage of his journey to the US Air Force Base. West German police BMW 5 Series pursue Bond after his theft of the vehicle. Interestingly, sharp eyes will spot that this is a GTV 6 Quadrifoglio, the highest specification Alfa Romeo available, and widely considered the finest of these cars, as well as the fastest.;Octopussy;https://static.wikia.nocookie.net/jamesbond/images/5/51/Vehicle_-_1981_Alfa_Romeo_GTV_6.png
"Volkswagen Type 1 ""Beetle""";Vehicles - VW Beetle Octopussy.png;No description available;Octopussy;https://static.wikia.nocookie.net/jamesbond/images/6/6d/Vehicles_-_VW_Beetle_Octopussy.png
BMW 518 (E28);Vehicle - BMW 518 E28 Octopussy.png;cars used by West German police to chase down Bond after he has stolen the Alfa Romeo.;Octopussy;https://static.wikia.nocookie.net/jamesbond/images/f/f4/Vehicle_-_BMW_518_E28_Octopussy.png
Rolls-Royce Phantom II Sedanca de Ville;Vehicle - Octopussy RR Phantom II.png;Kamal Khan's car in India;Octopussy;https://static.wikia.nocookie.net/jamesbond/images/d/d6/Vehicle_-_Octopussy_RR_Phantom_II.png
Volga M-24;Vehicle - Orlov Volga 1983.png;boarded by Gen. Orlov to chase Bond after he has stolen the Mercedes-Benz with the stolen jewels aboard.;Octopussy;https://static.wikia.nocookie.net/jamesbond/images/5/5e/Vehicle_-_Orlov_Volga_1983.png
"Willys MB ""Jeep""";Vehicle - Octopussy Jeep India A.png;used by group of assassins trying to kill Bond and Vijay during the Tuk-Tuk chase.;Octopussy;https://static.wikia.nocookie.net/jamesbond/images/b/bc/Vehicle_-_Octopussy_Jeep_India_A.png
GMC CCKW 352;Vehicle - GMC G508 Octopussy.png;the truck used by South American troops to escort Bond out of the base. After Bond gets free and boards the Range Rover, he shoots its wheels to stop it from chasing him down.;Octopussy;https://static.wikia.nocookie.net/jamesbond/images/9/92/Vehicle_-_GMC_G508_Octopussy.png
BMW R 100 CS;Vehicle - BMW R100 Polizei Octopussy.png;motorcycle used by West German police;Octopussy;https://static.wikia.nocookie.net/jamesbond/images/e/e2/Vehicle_-_BMW_R100_Polizei_Octopussy.png
Bajaj RE taxi;Vehicle_-_Bajaj_RE.png;"Two of these basic auto rickshaws are used in a chase sequence through the streets of Udaipur - Bond and fellow MI6 agent  being in one, with  and his henchmen in the pursuing vehicle. It is insinuated that the auto-wallah driven by Vijay has been modified by MI6 as the tone of the engine becomes more like a motorcycle and Vijay performs a wheelie, exclaiming ""This is a company car!""";Octopussy;https://static.wikia.nocookie.net/jamesbond/images/b/bc/Vehicle_-_Bajaj_RE.png
Eurocopter AS365 Dauphin;Vehicle_-_1983_Red_AS365 Dauphin.png;"two models appear; a red one that brings Orlov to Khan's palace and a green one that brings Gogol to the demolished Mercedes-Benz.";Octopussy;https://static.wikia.nocookie.net/jamesbond/images/c/cc/Vehicle_-_1983_Red_AS365_Dauphin.png
Beechcraft C-45H Expeditor;Vehicle_-_Beechcraft.png;Kamal Khan's private aircraft. Bond grips onto the aircraft during take off and, after a fight with Gobinda atop the Twin Beech, rescues Octopussy before it crashes.;Octopussy;https://static.wikia.nocookie.net/jamesbond/images/b/b0/Vehicle_-_Beechcraft.png
Acrostar Jet / Bede BD-5J;Vehicle_-_Acrostar.png;The Acrostar was used to escape from a mission in the opening sequence. The wings and nosecone section of this plane fold up vertically while not in use allowing it to be stored in small compartments (in this case a horse trailer).;Octopussy;https://static.wikia.nocookie.net/jamesbond/images/6/6a/Vehicle_-_Acrostar.png
Hot Air Balloon;Vehicle_-_Hot_Air_Balloon.png;A Union-Jack emblazoned Hot Air Balloon, used by Q and Bond to storm 's palace. It is equipped with CCTV cameras.;Octopussy;https://static.wikia.nocookie.net/jamesbond/images/2/2e/Vehicle_-_Hot_Air_Balloon.png
Aston Martin DBS;Vehicle_-_Aston_Martin_DBS_1969.png;"This car is seen in the movie in six scenes: in the pre-credits teaser, outside Bond's hotel, in the parking area at Draco's Birthday celebration, when he arrives at M's home (Quarterdeck), briefly outside a jeweler's shop, and as Bond &amp; Tracy's wedding car. Nothing is known about what kind of gadgets are installed, except for a rifle with a telescopic sight mounted in the glovebox. Obviously, given what happens at the end, it does not have bulletproof glass.";On Her Majesty's Secret Service;https://static.wikia.nocookie.net/jamesbond/images/f/fd/Vehicle_-_Aston_Martin_DBS_1969.png
Mercury Cougar XR-7;Vehicle_-_Mercury_Cougar.png;owned by Tracy Di Vincenzo and features prominently in Bond's escape from Piz Gloria.;On Her Majesty's Secret Service;https://static.wikia.nocookie.net/jamesbond/images/0/0a/Vehicle_-_Mercury_Cougar.png
Mercedes-Benz 600 (W100);OHMSS Mercedes 600.jpg;used in the drive-by-shooting that claims Tracy's life at the end of the film, with Blofeld driving it and Irma Bunt shooting an M16 rifle from the backseat through the open passenger window.;On Her Majesty's Secret Service;https://static.wikia.nocookie.net/jamesbond/images/a/ad/OHMSS_Mercedes_600.jpg
Agusta-Bell AB-206B JetRanger;Vehicle_-_Bell_206_JetRanger_OHMSS.png;used by Irma Bunt, Bond and a few guards to travel from Lauterbrunnen to Piz Gloria's helipad.;On Her Majesty's Secret Service;https://static.wikia.nocookie.net/jamesbond/images/2/2e/Vehicle_-_Bell_206_JetRanger_OHMSS.png
Agusta-Bell AB-204;Vehicle_-_Bell_UH1_OHMSS.png;used by Draco and his men to siege Piz Gloria at the climactic battle.;On Her Majesty's Secret Service;https://static.wikia.nocookie.net/jamesbond/images/d/d7/Vehicle_-_Bell_UH1_OHMSS.png
Aston Martin V8 Vantage Volante;Vehicle_-_Aston_Martin_V8_Vantage_Volante.png;"a convertible, which was later ""winterised"" with a hardtop. Came with all the usual refinements including side skis, spiked tires, missiles, hubcap-mounted lasers, rocket propulsion and a self-destruct mechanism.";The Living Daylights;https://static.wikia.nocookie.net/jamesbond/images/b/ba/Vehicle_-_Aston_Martin_V8_Vantage_Volante.png
Land Rover 88'' Series III;Vehicle_-_TLD_Jeep.png;munitions truck used by the Imposter 00 to try escape Gibraltar.;The Living Daylights;https://static.wikia.nocookie.net/jamesbond/images/2/23/Vehicle_-_TLD_Jeep.png
Audi 200 (C3);Vehicle_-_Audi_200.png;Austrian-registered 200 quattro Exclusiv C3 is used as a getaway car after General Koskov's defection at the start of the film. Later at Tangiers, Bond drives a 200 Avant quattro C3.;The Living Daylights;https://static.wikia.nocookie.net/jamesbond/images/2/23/Vehicle_-_Audi_200.png
Wales & Edwards Rangemaster;Vehicle_-_TLD87_MilkFloat.png;the milk float that is stolen by Necros in order to gain access to Blayden House.;The Living Daylights;https://static.wikia.nocookie.net/jamesbond/images/5/5d/Vehicle_-_TLD87_MilkFloat.png
"Lada 1500 / VAZ-2103 ""Zhiguli""";Vehicle - Lada TLD.png;used by the Czechoslovakian troops during the Aston Martin chase. <small>(These cars are actually Lada 1600/VAZ-2106 but with Lada 1500/VAZ-2103 bumpers and grilles)</small>;The Living Daylights;https://static.wikia.nocookie.net/jamesbond/images/8/86/Vehicle_-_Lada_TLD.png
Chevrolet Impala;31b808 f4ff0de4bb61449b897401558e8edd53~mv2.webp;driven by the two female CIA agents in Tangiers. Bond tries to hitch a ride with them to evade the police, but ends up being taken to Felix Leiter's spy vessel.;The Living Daylights;https://static.wikia.nocookie.net/jamesbond/images/f/f6/31b808_f4ff0de4bb61449b897401558e8edd53~mv2.webp
Tracma 1500;Vehicle_-_Tracma_1500.png;the ground conveyor that Bond uses in Afghanistan to jump over the fence.;The Living Daylights;https://static.wikia.nocookie.net/jamesbond/images/4/47/Vehicle_-_Tracma_1500.png
Land Rover 90;Vehicle_-_TLD87_LandRover90.png;used by Kara to race inside the Hercules. Then, after they are forced to abandon the Hercules, Bond and Kara use this to parachute out of the aforementioned cargo plane. After landing, Bond decides to drive to Karachi.;The Living Daylights;https://static.wikia.nocookie.net/jamesbond/images/b/b0/Vehicle_-_TLD87_LandRover90.png
Dodge WC 51;Vehicle_-_Dodge WC 51.png;Soviet Army vehicle that is used by both General Koskov and Necros to try chase down the Hercules.;The Living Daylights;https://static.wikia.nocookie.net/jamesbond/images/8/8c/Vehicle_-_Dodge_WC_51.png
Panhard AML;Vehicle_-_Panhard_AML_90.png;two of them pursue Mujahadeen fighters across the bridge that ends up being destroyed by the Bomb thrown by Bond out of the Hercules.;The Living Daylights;https://static.wikia.nocookie.net/jamesbond/images/c/c5/Vehicle_-_Panhard_AML_90.png
Bell UH-1 Iroquois;Vehicle_-_Medical_UH1.png;medical helicopter used by Koskov's collaborators to sprit him away from the Blayden House. <small>(The helicopter used in the movie is in-fact a UH-1 that was captured by the British during the Falklands War and then sold to private use.)</small>;The Living Daylights;https://static.wikia.nocookie.net/jamesbond/images/d/db/Vehicle_-_Medical_UH1.png
Hawker Siddeley Harrier;Vehicle_-_Harrier.png;this V/STOL aircraft is used to evacuate Koskov after his defection to the west.;The Living Daylights;https://static.wikia.nocookie.net/jamesbond/images/a/a3/Vehicle_-_Harrier.png
Lockheed C-130 Hercules;Vehicle_-_C130_Hercules_TLD87_RAF.png;two different C-130 planes appear in the film. One is a RAF plane used by the 00 agents to parachute to Gibraltar. The second one is employed by Koskov/Whitaker's drug operation, which ends up being stolen by during the siege at the Soviet Airbase in Afghanistan. The second plane is doubled by Fairchild C-123 Provider in the scene where Bond and Necros fight each other while dangling on a web.;The Living Daylights;https://static.wikia.nocookie.net/jamesbond/images/c/c5/Vehicle_-_C130_Hercules_TLD87_RAF.png
Aero Commander 500;Vehicle_-_Aero_Commander_500.png;the aircraft that lands on the Soviet airbase just to crash at the WC 51 that Koskov is driving.;The Living Daylights;https://static.wikia.nocookie.net/jamesbond/images/f/f9/Vehicle_-_Aero_Commander_500.png
Spectral Marine 2:20;Spectral_Marine_220.png;CIA intelligence gathering vessel. Bond meets Felix Leiter aboard it.;The Living Daylights;https://static.wikia.nocookie.net/jamesbond/images/6/67/Spectral_Marine_220.png
PIG Pod;PIG - Pipeline Inspection Gauge (The Living Daylights) National Motor Museum, Beaulieu.jpg;used to initially to clean and check the natural gas pipeline from USSR to West Europe. It's converted here specially to smuggle a man out of the Eastern bloc, with Koskov being the first.;The Living Daylights;https://static.wikia.nocookie.net/jamesbond/images/4/4a/PIG_-_Pipeline_Inspection_Gauge_%28The_Living_Daylights%29_National_Motor_Museum%2C_Beaulieu.jpg
AMC Hornet;Vehicle_-_AMC_Hornet.png;Bond steals this car in Thailand, unknowing that Sheriff J.W. Pepper was in it looking to test drive it. It was used for the famous corkscrew jump, a computer-designed stunt that was captured in one take.;The Man with the Golden Gun;https://static.wikia.nocookie.net/jamesbond/images/7/7d/Vehicle_-_AMC_Hornet.png
AMC Matador Coupé;Vehicle_-_AMC_Matador.png;Francisco Scaramanga and Nick Nack use this car to kidnap Mary Goodnight and make their escape.;The Man with the Golden Gun;https://static.wikia.nocookie.net/jamesbond/images/1/16/Vehicle_-_AMC_Matador.png
Mercedes-Benz 220 D (W115);Vehicle - Mercedes-Benz 220 D (W115).png;driven by Lt. Hip in Thailand.;The Man with the Golden Gun;https://static.wikia.nocookie.net/jamesbond/images/4/42/Vehicle_-_Mercedes-Benz_220_D_%28W115%29.png
AMC Matador Sedan;Vehicle - AMC Matador Sedan Thai Police.png;driven by Thailand Police;The Man with the Golden Gun;https://static.wikia.nocookie.net/jamesbond/images/8/88/Vehicle_-_AMC_Matador_Sedan_Thai_Police.png
Republic RC-3 Seabee;Vehicle - Republic RC-3 Seabee.png;Used by Bond to reach .;The Man with the Golden Gun;https://static.wikia.nocookie.net/jamesbond/images/8/8e/Vehicle_-_Republic_RC-3_Seabee.png
Bangkok Boat;Bangkokboat.jpg;No description available;The Man with the Golden Gun;https://static.wikia.nocookie.net/jamesbond/images/6/68/Bangkokboat.jpg
Scaramanga's Junk;Vehicle - Scaramanga Junk Ship.png;No description available;The Man with the Golden Gun;https://static.wikia.nocookie.net/jamesbond/images/3/31/Vehicle_-_Scaramanga_Junk_Ship.png
RMS Queen Elizabeth;Vehicle - RMS Queen Elizabeth.png;No description available;The Man with the Golden Gun;https://static.wikia.nocookie.net/jamesbond/images/7/7e/Vehicle_-_RMS_Queen_Elizabeth.png
Lotus Esprit S1 (1976);Vehicle_-_Lotus_Esprit_S2.png;Including all of the usual Q refinements, this car was equipped with surface to air missiles. The main feature of the car however was the ability to transform into a submarine. Once transformed it could unleash depth charges and smoke screens. The car was nicknamed ''Wet Nellie'', a reference to the autogyro provided by Q for Bond's use in ''You Only Live Twice''.;The Spy Who Loved Me;https://static.wikia.nocookie.net/jamesbond/images/3/3f/Vehicle_-_Lotus_Esprit_S2.png
Ford Taunus Ghia;Vehicle_-_Ford_Taunus.png;used by Stromberg's thugs (+ Jaws) to pursue Bond on a highway in . Bond sprays grease on the windshield where the car runs off the road.;The Spy Who Loved Me;https://static.wikia.nocookie.net/jamesbond/images/5/5a/Vehicle_-_Ford_Taunus.png
Leyland Sherpa 240;Vehicle_-_Leyland Sherpa 240.png;Van used by Jaws, who tricks Bond and Anya to sneak in the van, only for Jaws to take them to the pillars where he tries to kill them.;The Spy Who Loved Me;https://static.wikia.nocookie.net/jamesbond/images/7/7c/Vehicle_-_Leyland_Sherpa_240.png
Kawasaki Z900-A4;1976-kawasaki-z900-sidecar.jpeg;used by the motorcycle assassin trying to kill Bond and Anya while they drive the Lotus Esprit on the roads of Sardinia.;The Spy Who Loved Me;https://static.wikia.nocookie.net/jamesbond/images/d/d0/1976-kawasaki-z900-sidecar.jpeg
Westland WS-61 Sea King;Bondwiki Westland WS-61 SeaKing.jpg;Royal Navy helicopter that Bond travels in to arrive in the meeting with the British officials.;The Spy Who Loved Me;https://static.wikia.nocookie.net/jamesbond/images/c/c5/Bondwiki_Westland_WS-61_SeaKing.jpg
Bell 206 JetRanger;Vehicle_-_Bell_206_JetRanger.png;an Bell 206 is owned by Karl Stromberg. When Bond begins investigating his affairs, chopper pilot  is dispatched to assassinate him from the air. A chase sequence across the Italian island of Sardinia ensues, culminating in Bond's  being driven off the end of a pier into the sea. Unaware of its sub-aquatic abilities, Naomi was eliminated by a surface to air missile launched by the car.;The Spy Who Loved Me;https://static.wikia.nocookie.net/jamesbond/images/6/65/Vehicle_-_Bell_206_JetRanger.png
Westland WS-58 Wessex;Unknown - Infobox.png;Royal Navy helicopter that brings Bond and Amasova to the USS Wayne.;The Spy Who Loved Me;
Wetbike;Gadgets_-_TSWLM_-_Jetski.png;No description available;The Spy Who Loved Me;https://static.wikia.nocookie.net/jamesbond/images/6/6e/Gadgets_-_TSWLM_-_Jetski.png
Shark Hunter II Submersible;Stromberg Shark Hunter II - Profile.png;used by Stromberg's men to attack Bond's Lotus Esprit underwater.;The Spy Who Loved Me;https://static.wikia.nocookie.net/jamesbond/images/6/61/Stromberg_Shark_Hunter_II_-_Profile.png
Intermarine Cigarette 37;Unknown - Infobox.png;driven by Naomi to sail Bond and Anya to Atlantis.;The Spy Who Loved Me;
HMS Ranger;Unknown - Infobox.png;No description available;The Spy Who Loved Me;https://static.wikia.nocookie.net/jamesbond/images/6/6b/HMS_Ranger_-_Profile.png
Potemkin;Unknown - Infobox.png;No description available;The Spy Who Loved Me;
USS Wayne;Unknown - Infobox.png;No description available;The Spy Who Loved Me;
HMS Fearless (L10);Unknown - Infobox.png;appears at the end of the film to extract Bond and Anya's escape pod.;The Spy Who Loved Me;
Liparus;Vehicle_-_Liparus.png;No description available;The Spy Who Loved Me;https://static.wikia.nocookie.net/jamesbond/images/9/9e/Vehicle_-_Liparus.png
BMW Z8;Vehicle_-_BMW_Z8.png;Loaded with several Q refinements including ground to air missiles, a key chain that can control the car remotely, and as R proudly points out, cup holders. For films, this is the first car Bond is given by Q-branch where the steering wheel is on the left side.;The World Is Not Enough;https://static.wikia.nocookie.net/jamesbond/images/5/51/Vehicle_-_BMW_Z8.png
Lada Niva (VAZ-2121);None-listed-lada-niva-4x4.jpeg;used by Davidov to drive to the airfield to meet Renard's men.;The World Is Not Enough;https://static.wikia.nocookie.net/jamesbond/images/3/3d/None-listed-lada-niva-4x4.jpeg
Rolls-Royce Silver Shadow II;Vehicle_-_Rolls-Royce_Silver_Shadow_II.png;Valentin Zukovsky's personal car, which ends up in the Caspian Sea after the catwalk was severed.;The World Is Not Enough;https://static.wikia.nocookie.net/jamesbond/images/7/7f/Vehicle_-_Rolls-Royce_Silver_Shadow_II.png
Eurocopter AS355;The World Is Not Enough - Eurocopter AS-355-F1 & BMW Z8 Miniature.jpg;used by King Industries as aerial saws.;The World Is Not Enough;https://static.wikia.nocookie.net/jamesbond/images/1/1c/The_World_Is_Not_Enough_-_Eurocopter_AS-355-F1_%26_BMW_Z8_Miniature.jpg
Eurocopter AS365 Dauphin;Vehicle_-_AS365 Dauphin.png;Elektra's private copter. Used by her and Bond to travel to ski at the Caucasus Mountains.;The World Is Not Enough;https://static.wikia.nocookie.net/jamesbond/images/0/0f/Vehicle_-_AS365_Dauphin.png
Parahawk;Vehicle_-_Parahawk.png;Several are sent to kill Bond as part of a scheme devised by Electra King and Renard.;The World Is Not Enough;https://static.wikia.nocookie.net/jamesbond/images/b/b0/Vehicle_-_Parahawk.png
CASA C-212CB Aviocar;Vehicle_-_CASA_c212_Aviocar.png;"""Russian plane"" used by Renard's men. It first appears when Trukhin, Bond and other men fly to Kazakhstan. After Renard and co. have stolen the warhead from the Test Site, Bond and Dr. Jones see the plane flying away.";The World Is Not Enough;https://static.wikia.nocookie.net/jamesbond/images/9/97/Vehicle_-_CASA_c212_Aviocar.png
Q-Boat;Vehicle_-_Q_Boat.png;No description available;The World Is Not Enough;https://static.wikia.nocookie.net/jamesbond/images/8/89/Vehicle_-_Q_Boat.png
Sunseeker Superhawk 34;Vehicle_-_Sunseeker_Superhawk_34.png;"the sportsboat used by the ""Cigar Girl"" to flee Bond after the MI6 headquarters is exploded. She crashes it by the Millennium Dome.";The World Is Not Enough;https://static.wikia.nocookie.net/jamesbond/images/9/97/Vehicle_-_Sunseeker_Superhawk_34.png
Seven Heaven;Vehicle_-_Princess_40.png;used by Renard/Elektra's men to travel from coast to the Maiden's Tower.;The World Is Not Enough;https://static.wikia.nocookie.net/jamesbond/images/f/fb/Vehicle_-_Princess_40.png
Victor-III Class Submarine;TWINE - Victor-III submarine crashes.png;No description available;The World Is Not Enough;https://static.wikia.nocookie.net/jamesbond/images/9/9e/TWINE_-_Victor-III_submarine_crashes.png
Aston Martin DB5;Vehicle_-_Aston_Martin_DB5.png;No description available;Thunderball;https://static.wikia.nocookie.net/jamesbond/images/0/0a/Vehicle_-_Aston_Martin_DB5.png
Ford Fairlane 500 Skyliner (Retractable Hardtop model);Vehicle_-_Ford_Fairlane_500_Thunderball.png;No description available;Thunderball;https://static.wikia.nocookie.net/jamesbond/images/9/90/Vehicle_-_Ford_Fairlane_500_Thunderball.png
Ford Mustang Convertible;Vehicle_-_1965_Ford_Mustang.png;No description available;Thunderball;https://static.wikia.nocookie.net/jamesbond/images/6/63/Vehicle_-_1965_Ford_Mustang.png
BSA Lightning A65L;Vehicle_-_BSA_Lightning_-A65L-.png;No description available;Thunderball;https://static.wikia.nocookie.net/jamesbond/images/5/51/Vehicle_-_BSA_Lightning_-A65L-.png
Bell-Textron Jet Pack;Rocket Belt.png;used by Bond to escape the henchmen after having eliminated Jacques Bouvar.;Thunderball;https://static.wikia.nocookie.net/jamesbond/images/1/15/Rocket_Belt.png
Avro Vulcan;Vehicle_-_Avro_Vulcan_Bomber.png;No description available;Thunderball;https://static.wikia.nocookie.net/jamesbond/images/0/00/Vehicle_-_Avro_Vulcan_Bomber.png
Boeing B-17 Flying Fortress;;No description available;Thunderball;
Boeing C-97 Stratofreighter;;No description available;Thunderball;
Bell 47J Ranger;Vehicle - Bell 47J Ranger.png;No description available;Thunderball;https://static.wikia.nocookie.net/jamesbond/images/d/dd/Vehicle_-_Bell_47J_Ranger.png
Underwater Attack Sledge;Vehicle - Attack Sledge.png;No description available;Thunderball;https://static.wikia.nocookie.net/jamesbond/images/5/55/Vehicle_-_Attack_Sledge.png
Underwater Bomb Sledge;Unknown - Bomb Sledge.png;No description available;Thunderball;https://static.wikia.nocookie.net/jamesbond/images/f/ff/Unknown_-_Bomb_Sledge.png
Buehler Turbocraft;Vehicle - Buehler Turbocraft.png;No description available;Thunderball;https://static.wikia.nocookie.net/jamesbond/images/c/c2/Vehicle_-_Buehler_Turbocraft.png
Evinrude Sport-16;Vehicle - Evinrude Sport-16.png;No description available;Thunderball;https://static.wikia.nocookie.net/jamesbond/images/9/9b/Vehicle_-_Evinrude_Sport-16.png
Evinrude Playmate;Unknown - Infobox.png;No description available;Thunderball;
Disco Volante;Vehicle_-_Disco_Volante.png;No description available;Thunderball;https://static.wikia.nocookie.net/jamesbond/images/8/83/Vehicle_-_Disco_Volante.png
HMS Rothesay;Vehicle - HMS Rothesay.png;No description available;Thunderball;https://static.wikia.nocookie.net/jamesbond/images/5/55/Vehicle_-_HMS_Rothesay.png
Aston Martin DB5;Vehicle_-_Aston_Martin_DB5.png;Bond's legendary DB5 makes a couple camoes early in the film. First seen at the Oxford university and Bond subsequently uses it to drive to the Ministry of Defence headquarters.;Tomorrow Never Dies;https://static.wikia.nocookie.net/jamesbond/images/0/0a/Vehicle_-_Aston_Martin_DB5.png
BMW 750iL;Vehicle_-_BMW_750iL.png;"used in , the car has a security system disallowing access without first being disarmed via the mobile telephone; the glove box security system is fingerprint-controlled. Armament includes sunroof rockets, deployable caltrops (out of the rear bumper), re-inflatable tyres, and a wire-cutter hidden under the BMW logo on the hood. The car may be remotely operated via Bond's mobile phone. The vehicle itself is actually a 740i model re-badged as a 750.";Tomorrow Never Dies;https://static.wikia.nocookie.net/jamesbond/images/1/1e/Vehicle_-_BMW_750iL.png
Daimler Limousine;Tnd daimler1.jpg;the car that passages M, Bond and Moneypenny at streets of London.;Tomorrow Never Dies;https://static.wikia.nocookie.net/jamesbond/images/1/1f/Tnd_daimler1.jpg
Ford Scorpio;Tnd scorpio1.jpg;one of the cars used by Carver's henchmen at the Hamburg multistorey car park sequence. Gets exploded by the LAW-80 rocket launcher.;Tomorrow Never Dies;https://static.wikia.nocookie.net/jamesbond/images/a/a7/Tnd_scorpio1.jpg
Mercedes-Benz S-Klasse (W126);Vehicle - Mercedes-Benz S-Klasse (W126).png;one of the cars used by Carver's henchmen at the Hamburg multistorey car park sequence.;Tomorrow Never Dies;https://static.wikia.nocookie.net/jamesbond/images/f/f3/Vehicle_-_Mercedes-Benz_S-Klasse_%28W126%29.png
Opel Senator;Unknown - Infobox.png;one of the cars used by Carver's henchmen at the Hamburg multistorey car park sequence.;Tomorrow Never Dies;
Land Rover Range Rover;Bondwiki_TND_RangeRoverSII_cropped.jpg;used by Carver's men to chase Bond and Wai Lin in Saigon.;Tomorrow Never Dies;https://static.wikia.nocookie.net/jamesbond/images/b/b4/Bondwiki_TND_RangeRoverSII_cropped.jpg
BMW R1200C;Vehicle_-_BMW_R1200.png;stolen in Saigon, the BMW R1200 motorcycle was used in a chase sequence through the city and was ridden by both James Bond and  of the .;Tomorrow Never Dies;https://static.wikia.nocookie.net/jamesbond/images/d/d1/Vehicle_-_BMW_R1200.png
Aero L-39 Albatros;Vehicle_-_Albatros.png;light attack jet at the arms bazaar that's carrying two Soviet SB-5 nuclear torpedoes. Bond hijacks it to get it out of the terrorist hands and prevent the incoming Royal Navy cruise missile from exploding the L-39's nuclear payload.;Tomorrow Never Dies;https://static.wikia.nocookie.net/jamesbond/images/2/2e/Vehicle_-_Albatros.png
Fairchild C-123 Provider;Vehicle_-_C123_Provider.png;No description available;Tomorrow Never Dies;https://static.wikia.nocookie.net/jamesbond/images/8/87/Vehicle_-_C123_Provider.png
Eurocopter AS355;Vehicle_-_Eurocopter AS355.png;used by Carver's men to extract Bond and Wai Lin from the site of the sunken Devonshire. Later used by them to chase Bond and Wai Lin escaping through Saigon.;Tomorrow Never Dies;https://static.wikia.nocookie.net/jamesbond/images/8/89/Vehicle_-_Eurocopter_AS355.png
Stealth Ship;Vehicle_-_Stealth_Ship.png;No description available;Tomorrow Never Dies;https://static.wikia.nocookie.net/jamesbond/images/9/99/Vehicle_-_Stealth_Ship.png
HMS Chester;Vehicle_- HMS Chester.png;No description available;Tomorrow Never Dies;https://static.wikia.nocookie.net/jamesbond/images/3/35/Vehicle_-_HMS_Chester.png
HMS Devonshire;Vehicle_- HMS Devonshire.png;No description available;Tomorrow Never Dies;https://static.wikia.nocookie.net/jamesbond/images/8/8a/Vehicle_-_HMS_Devonshire.png
HMS Bedford;Unknown - Infobox.png;No description available;Tomorrow Never Dies;https://static.wikia.nocookie.net/jamesbond/images/a/af/HMS_Bedford_-_Profile.png
Toyota 2000GT convertible;Vehicle_-_Toyota_2000GT.png;"owned by Aki. <small>(Two prototype convertibles were built especially for the film; no others were made. One 2000GT convertible was located in South Africa awaiting restoration into the Cars for the Stars museum.)</small>";You Only Live Twice;https://static.wikia.nocookie.net/jamesbond/images/2/2c/Vehicle_-_Toyota_2000GT.png
Toyopet Crown Deluxe;Vehicle_-_Toyota_Crown_Deluxe.png;used by gunmen who chase Bond and Aki's 2000GT. It gets grabbed by the KV-107's magnet and dropped in the sea.;You Only Live Twice;https://static.wikia.nocookie.net/jamesbond/images/0/0b/Vehicle_-_Toyota_Crown_Deluxe.png
Dodge Polara;Polara1.jpg;used by the Japanese assassins who kill Dikko Henderson.;You Only Live Twice;https://static.wikia.nocookie.net/jamesbond/images/2/2a/Polara1.jpg
Little Nellie;Vehicle_-_Little_Nellie.png;heavily armed gyrocopter that could be transported in several cases and quickly assembled in the field.;You Only Live Twice;https://static.wikia.nocookie.net/jamesbond/images/3/31/Vehicle_-_Little_Nellie.png
Kawasaki KV-107;Vehicle_-_Kawasaki_KV-107.png;A vehicle pursuing Bond and Aki is dispatched by the use of this Japanese variant of the Boeing-Vertol Sea Knight and a large magnet suspended from the helicopter.;You Only Live Twice;https://static.wikia.nocookie.net/jamesbond/images/9/95/Vehicle_-_Kawasaki_KV-107.png
Kawasaki-Bell 47G-3;Vehicle_-_Kawasaki-Bell 47G-3.png;Operated by SPECTRE, these helicopters attack Bond flying the Little Nellie to scout where the Ning-Po ship had unloaded its cargo.;You Only Live Twice;https://static.wikia.nocookie.net/jamesbond/images/7/7a/Vehicle_-_Kawasaki-Bell_47G-3.png
Aero Commander 200;Aerocommander1.jpg;used by Helga Brandt, it is later used by her to trap Bond and crash the plane to kill him.;You Only Live Twice;https://static.wikia.nocookie.net/jamesbond/images/8/89/Aerocommander1.jpg
Ning-Po;Vehicle_-_NingPo.png;No description available;You Only Live Twice;https://static.wikia.nocookie.net/jamesbond/images/a/a7/Vehicle_-_NingPo.png
HMS Tenby;Tenby1.jpg;Bond's fake military funeral is held aboard this ship.;You Only Live Twice;https://static.wikia.nocookie.net/jamesbond/images/f/fc/Tenby1.jpg
HMS Aeneas (P427);Vehicle_-_HMS_Aeneas_P427_YOLT.png;the submarine that picks up Bond after the fake funeral. At the end of the film, it surfaces right on the spot where Bond's and Kissy's raft is.;You Only Live Twice;https://static.wikia.nocookie.net/jamesbond/images/4/48/Vehicle_-_HMS_Aeneas_P427_YOLT.png
Jupiter 16;Vehicle - Jupiter 16.png;the American space capsule captured by Bird 1.;You Only Live Twice;https://static.wikia.nocookie.net/jamesbond/images/e/ed/Vehicle_-_Jupiter_16.png
Vostok 16;Vehicle - Vostok 16.png;the Soviet space capsule captured by Bird 1.;You Only Live Twice;https://static.wikia.nocookie.net/jamesbond/images/9/9e/Vehicle_-_Vostok_16.png
Jupiter 17;Vehicle - Jupiter 17.png;the second American space capsule. Bond destructs the Bird 1 before its able to snatch it.;You Only Live Twice;https://static.wikia.nocookie.net/jamesbond/images/0/0d/Vehicle_-_Jupiter_17.png
Bird 1;Vehicle_-_Bird_One.png;built by , the Bird One spacecraft was designed to kidnap American and Soviet orbital vehicles, engulfing the target craft and returning it to SPECTRE's hidden launch site in Japan.;You Only Live Twice;https://static.wikia.nocookie.net/jamesbond/images/7/79/Vehicle_-_Bird_One.png
