rank;name;year;genre;directors;budget;rating
1;The Shawshank Redemption;1994;Drama;Frank Darabont;25000000;9.3
2;The Godfather;1972;Crime,Drama;Francis Ford Coppola;6000000;9.2
3;The Dark Knight;2008;Action,Crime,Drama;Christopher Nolan;185000000;9.0
4;The Godfather Part II;1974;Crime,Drama;Francis Ford Coppola;13000000;9.0
5;12 Angry Men;1957;Crime,Drama;Sidney Lumet;350000;9.0
6;Schindler's List;1993;Biography,Drama,History;Steven Spielberg;22000000;9.0
7;The Lord of the Rings: The Return of the King;2003;Action,Adventure,Drama;Peter Jackson;94000000;9.0
8;Pulp Fiction;1994;Crime,Drama;Quentin Tarantino;8000000;8.9
9;The Lord of the Rings: The Fellowship of the Ring;2001;Action,Adventure,Drama;Peter Jackson;93000000;8.8
10;The Good, the Bad and the Ugly;1966;Adventure,Western;Sergio Leone;1200000;8.8
11;Forrest Gump;1994;Drama,Romance;Robert Zemeckis;55000000;8.8
12;Fight Club;1999;Drama;David Fincher;63000000;8.8
13;The Lord of the Rings: The Two Towers;2002;Action,Adventure,Drama;Peter Jackson;94000000;8.8
14;Inception;2010;Action,Adventure,Sci-Fi;Christopher Nolan;160000000;8.8
15;Star Wars: Episode V - The Empire Strikes Back;1980;Action,Adventure,Fantasy;Irvin Kershner;18000000;8.7
16;The Matrix;1999;Action,Sci-Fi;Lana Wachowski,Lilly Wachowski;63000000;8.7
17;Goodfellas;1990;Biography,Crime,Drama;Martin Scorsese;25000000;8.7
18;One Flew Over the Cuckoo's Nest;1975;Drama;Milos Forman;3000000;8.7
19;Seven;1995;Crime,Drama,Mystery;David Fincher;33000000;8.6
20;Seven Samurai;1954;Action,Drama;Akira Kurosawa;125000000;8.6
21;It's a Wonderful Life;1946;Drama,Family,Fantasy;Frank Capra;3180000;8.6
22;The Silence of the Lambs;1991;Crime,Drama,Thriller;Jonathan Demme;19000000;8.6
23;City of God;2002;Crime,Drama;Fernando Meirelles,Kátia Lund(co-director);$3300000;8.6
24;Saving Private Ryan;1998;Drama,War;Steven Spielberg;70000000;8.6
25;Interstellar;2014;Adventure,Drama,Sci-Fi;Christopher Nolan;165000000;8.6
26;Life Is Beautiful;1997;Comedy,Drama,Romance;Roberto Benigni;20000000;8.6
27;The Green Mile;1999;Crime,Drama,Fantasy;Frank Darabont;60000000;8.6
28;Star Wars: Episode IV - A New Hope;1977;Action,Adventure,Fantasy;George Lucas;11000000;8.6
29;Terminator 2: Judgment Day;1991;Action,Sci-Fi;James Cameron;102000000;8.6
30;Back to the Future;1985;Adventure,Comedy,Sci-Fi;Robert Zemeckis;19000000;8.5
31;Spirited Away;2001;Animation,Adventure,Family;Hayao Miyazaki;19000000;8.6
32;The Pianist;2002;Biography,Drama,Music;Roman Polanski;35000000;8.5
33;Psycho;1960;Horror,Mystery,Thriller;Alfred Hitchcock;806947;8.5
34;Parasite;2019;Drama,Thriller;Bong Joon Ho;11400000;8.5
35;Léon: The Professional;1994;Action,Crime,Drama;Luc Besson;RF 115000000;8.5
36;The Lion King;1994;Animation,Adventure,Drama;Roger Allers,Rob Minkoff;45000000;8.5
37;Gladiator;2000;Action,Adventure,Drama;Ridley Scott;103000000;8.5
38;American History X;1998;Crime,Drama;Tony Kaye;20000000;8.5
39;The Departed;2006;Crime,Drama,Thriller;Martin Scorsese;90000000;8.5
40;The Usual Suspects;1995;Crime,Drama,Mystery;Bryan Singer;6000000;8.5
41;The Prestige;2006;Drama,Mystery,Sci-Fi;Christopher Nolan;40000000;8.5
42;Whiplash;2014;Drama,Music;Damien Chazelle;3300000;8.5
43;Casablanca;1942;Drama,Romance,War;Michael Curtiz;950000;8.5
44;Grave of the Fireflies;1988;Animation,Drama,War;Isao Takahata;3700000;8.5
45;Harakiri;1962;Action,Drama,Mystery;Masaki Kobayashi;Not Available;8.6
46;The Intouchables;2011;Biography,Comedy,Drama;Olivier Nakache,Éric Toledano;9500000;8.5
47;Modern Times;1936;Comedy,Drama,Romance;Charles Chaplin;1500000;8.5
48;Once Upon a Time in the West;1968;Western;Sergio Leone;5000000;8.5
49;Rear Window;1954;Mystery,Thriller;Alfred Hitchcock;1000000;8.5
50;Cinema Paradiso;1988;Drama,Romance;Giuseppe Tornatore;5000000;8.5
51;Alien;1979;Horror,Sci-Fi;Ridley Scott;11000000;8.5
52;City Lights;1931;Comedy,Drama,Romance;Charles Chaplin;1500000;8.5
53;Apocalypse Now;1979;Drama,Mystery,War;Francis Ford Coppola;31500000;8.5
54;Memento;2000;Mystery,Thriller;Christopher Nolan;9000000;8.4
55;Django Unchained;2012;Drama,Western;Quentin Tarantino;100000000;8.4
56;Raiders of the Lost Ark;1981;Action,Adventure;Steven Spielberg;18000000;8.4
57;WALL-E;2008;Animation,Adventure,Family;Andrew Stanton;180000000;8.4
58;The Lives of Others;2006;Drama,Mystery,Thriller;Florian Henckel von Donnersmarck;2000000;8.4
59;Sunset Boulevard;1950;Drama,Film-Noir;Billy Wilder;1752000;8.4
60;Paths of Glory;1957;Drama,War;Stanley Kubrick;935000;8.4
61;The Shining;1980;Drama,Horror;Stanley Kubrick;19000000;8.4
62;The Great Dictator;1940;Comedy,Drama,War;Charles Chaplin;2000000;8.4
63;Avengers: Infinity War;2018;Action,Adventure,Sci-Fi;Anthony Russo,Joe Russo;321000000;8.4
64;Witness for the Prosecution;1957;Crime,Drama,Mystery;Billy Wilder;3000000;8.4
65;Aliens;1986;Action,Adventure,Sci-Fi;James Cameron;18500000;8.4
66;Spider-Man: Into the Spider-Verse;2018;Animation,Action,Adventure;Bob Persichetti,Peter Ramsey,Rodney Rothman;Not Available;8.4
67;American Beauty;1999;Drama;Sam Mendes;15000000;8.4
68;Dr. Strangelove;1964;Comedy,War;Stanley Kubrick;1800000;8.4
69;The Dark Knight Rises;2012;Action,Drama;Christopher Nolan;250000000;8.4
70;Oldboy;2003;Action,Drama,Mystery;Park Chan-wook;3000000;8.4
71;Inglourious Basterds;2009;Adventure,Drama,War;Quentin Tarantino;70000000;8.3
72;Amadeus;1984;Biography,Drama,Music;Milos Forman;18000000;8.4
73;Coco;2017;Animation,Adventure,Comedy;Lee Unkrich,Adrian Molina(co-directed by);175000000;8.4
74;Toy Story;1995;Animation,Adventure,Comedy;John Lasseter;30000000;8.3
75;Joker;2019;Crime,Drama,Thriller;Todd Phillips;55000000;8.4
76;Braveheart;1995;Biography,Drama,History;Mel Gibson;72000000;8.4
77;Das Boot;1981;Drama,War;Wolfgang Petersen;EM 32000000;8.4
78;Avengers: Endgame;2019;Action,Adventure,Drama;Anthony Russo,Joe Russo;356000000;8.4
79;Princess Mononoke;1997;Animation,Action,Adventure;Hayao Miyazaki;2400000000;8.4
80;Once Upon a Time in America;1984;Crime,Drama;Sergio Leone;30000000;8.3
81;Good Will Hunting;1997;Drama,Romance;Gus Van Sant;Not Available;8.3
82;Your Name;2016;Animation,Drama,Fantasy;Makoto Shinkai;Not Available;8.4
83;3 Idiots;2009;Comedy,Drama;Rajkumar Hirani;550000000;8.4
84;Singin' in the Rain;1952;Comedy,Musical,Romance;Stanley Donen,Gene Kelly;2540800;8.3
85;Requiem for a Dream;2000;Drama;Darren Aronofsky;4500000;8.3
86;Toy Story 3;2010;Animation,Adventure,Comedy;Lee Unkrich;200000000;8.3
87;High and Low;1963;Crime,Drama,Mystery;Akira Kurosawa;Not Available;8.4
88;Capernaum;2018;Drama;Nadine Labaki;Not Available;8.4
89;Star Wars: Episode VI – Return of the Jedi;1983;Action,Adventure,Fantasy;Richard Marquand;32500000;8.3
90;Eternal Sunshine of the Spotless Mind;2004;Drama,Romance,Sci-Fi;Michel Gondry;20000000;8.3
91;2001: A Space Odyssey;1968;Adventure,Sci-Fi;Stanley Kubrick;12000000;8.3
92;Reservoir Dogs;1992;Crime,Thriller;Quentin Tarantino;1200000;8.3
93;Come and See;1985;Drama,Thriller,War;Elem Klimov;Not Available;8.4
94;The Hunt;2012;Drama;Thomas Vinterberg;Not Available;8.3
95;Citizen Kane;1941;Drama,Mystery;Orson Welles;839727;8.3
96;M;1931;Crime,Mystery,Thriller;Fritz Lang;Not Available;8.3
97;Lawrence of Arabia;1962;Adventure,Biography,Drama;David Lean;15000000;8.3
98;North by Northwest;1959;Action,Adventure,Mystery;Alfred Hitchcock;3101000;8.3
99;Vertigo;1958;Mystery,Romance,Thriller;Alfred Hitchcock;2479000;8.3
100;Ikiru;1952;Drama;Akira Kurosawa;Not Available;8.3
101;Amélie;2001;Comedy,Romance;Jean-Pierre Jeunet;10000000;8.3
102;The Apartment;1960;Comedy,Drama,Romance;Billy Wilder;3000000;8.3
103;A Clockwork Orange;1971;Crime,Sci-Fi;Stanley Kubrick;2200000;8.3
104;Double Indemnity;1944;Crime,Drama,Film-Noir;Billy Wilder;927262;8.3
105;Full Metal Jacket;1987;Drama,War;Stanley Kubrick;30000000;8.3
106;Top Gun: Maverick;2022;Action,Drama;Joseph Kosinski;170000000;8.3
107;Scarface;1983;Crime,Drama;Brian De Palma;25000000;8.3
108;Hamilton;2020;Biography,Drama,History;Thomas Kail;Not Available;8.4
109;Incendies;2010;Drama,Mystery;Denis Villeneuve;6800000;8.3
110;To Kill a Mockingbird;1962;Crime,Drama;Robert Mulligan;2000000;8.3
111;Heat;1995;Action,Crime,Drama;Michael Mann;60000000;8.3
112;The Sting;1973;Comedy,Crime,Drama;George Roy Hill;5500000;8.3
113;Up;2009;Animation,Adventure,Comedy;Pete Docter,Bob Peterson(co-director);175000000;8.3
114;A Separation;2011;Drama;Asghar Farhadi;500000;8.3
115;Metropolis;1927;Drama,Sci-Fi;Fritz Lang;EM 6000000;8.3
116;Taxi Driver;1976;Crime,Drama;Martin Scorsese;1300000;8.2
117;L.A. Confidential;1997;Crime,Drama,Mystery;Curtis Hanson;35000000;8.2
118;Die Hard;1988;Action,Thriller;John McTiernan;28000000;8.2
119;Snatch;2000;Comedy,Crime;Guy Ritchie;6000000;8.2
120;Indiana Jones and the Last Crusade;1989;Action,Adventure;Steven Spielberg;48000000;8.2
121;Bicycle Thieves;1948;Drama;Vittorio De Sica;133000;8.3
122;Taare Zameen Par;2007;Drama,Family;Aamir Khan,Amole Gupte(uncredited);Not Available;8.3
123;1917;2019;Action,Drama,War;Sam Mendes;95000000;8.2
124;Downfall;2004;Biography,Drama,History;Oliver Hirschbiegel;13500000;8.2
125;Dangal;2016;Action,Biography,Drama;Nitesh Tiwari;Not Available;8.3
126;For a Few Dollars More;1965;Western;Sergio Leone;600000;8.2
127;Batman Begins;2005;Action,Crime,Drama;Christopher Nolan;150000000;8.2
128;The Kid;1921;Comedy,Drama,Family;Charles Chaplin;250000;8.3
129;Some Like It Hot;1959;Comedy,Music,Romance;Billy Wilder;2883848;8.2
130;The Father;2020;Drama,Mystery;Florian Zeller;6000000;8.2
131;All About Eve;1950;Drama;Joseph L. Mankiewicz;1400000;8.2
132;The Wolf of Wall Street;2013;Biography,Comedy,Crime;Martin Scorsese;100000000;8.2
133;Green Book;2018;Biography,Comedy,Drama;Peter Farrelly;23000000;8.2
134;Judgment at Nuremberg;1961;Drama,War;Stanley Kramer;3000000;8.3
135;Casino;1995;Crime,Drama;Martin Scorsese;52000000;8.2
136;Ran;1985;Action,Drama,War;Akira Kurosawa;11500000;8.2
137;Pan's Labyrinth;2006;Drama,Fantasy,War;Guillermo del Toro;19000000;8.2
138;The Truman Show;1998;Comedy,Drama;Peter Weir;60000000;8.2
139;There Will Be Blood;2007;Drama;Paul Thomas Anderson;25000000;8.2
140;Unforgiven;1992;Drama,Western;Clint Eastwood;14400000;8.2
141;The Sixth Sense;1999;Drama,Mystery,Thriller;M. Night Shyamalan;40000000;8.2
142;Shutter Island;2010;Mystery,Thriller;Martin Scorsese;80000000;8.2
143;A Beautiful Mind;2001;Biography,Drama;Ron Howard;58000000;8.2
144;Jurassic Park;1993;Action,Adventure,Sci-Fi;Steven Spielberg;63000000;8.2
145;Yojimbo;1961;Action,Drama,Thriller;Akira Kurosawa;Not Available;8.2
146;The Treasure of the Sierra Madre;1948;Adventure,Drama,Western;John Huston;3000000;8.2
147;Monty Python and the Holy Grail;1975;Adventure,Comedy,Fantasy;Terry Gilliam,Terry Jones;229575;8.2
148;The Great Escape;1963;Adventure,Drama,History;John Sturges;4000000;8.2
149;No Country for Old Men;2007;Crime,Drama,Thriller;Ethan Coen,Joel Coen;25000000;8.2
150;Spider-Man: No Way Home;2021;Action,Adventure,Fantasy;Jon Watts;200000000;8.2
151;Kill Bill: Volume 1;2003;Action,Crime,Drama;Quentin Tarantino;30000000;8.2
152;Rashomon;1950;Crime,Drama,Mystery;Akira Kurosawa;250000;8.2
153;The Thing;1982;Horror,Mystery,Sci-Fi;John Carpenter;15000000;8.2
154;Finding Nemo;2003;Animation,Adventure,Comedy;Andrew Stanton,Lee Unkrich(co-director);94000000;8.2
155;The Elephant Man;1980;Biography,Drama;David Lynch;5000000;8.2
156;Chinatown;1974;Drama,Mystery,Thriller;Roman Polanski;6000000;8.2
157;Raging Bull;1980;Biography,Drama,Sport;Martin Scorsese;18000000;8.2
158;V for Vendetta;2005;Action,Drama,Sci-Fi;James McTeigue;54000000;8.2
159;Gone with the Wind;1939;Drama,Romance,War;Victor Fleming,George Cukor(uncredited),Sam Wood(uncredited);3977000;8.2
160;Lock, Stock and Two Smoking Barrels;1998;Action,Comedy,Crime;Guy Ritchie;960000;8.2
161;Inside Out;2015;Animation,Adventure,Comedy;Pete Docter,Ronnie Del Carmen(co-director);175000000;8.2
162;Dial M for Murder;1954;Crime,Thriller;Alfred Hitchcock;1400000;8.2
163;The Secret in Their Eyes;2009;Drama,Mystery,Romance;Juan José Campanella;Not Available;8.2
164;Howl's Moving Castle;2004;Animation,Adventure,Family;Hayao Miyazaki;24000000;8.2
165;Three Billboards Outside Ebbing, Missouri;2017;Comedy,Crime,Drama;Martin McDonagh;15000000;8.1
166;The Bridge on the River Kwai;1957;Adventure,Drama,War;David Lean;3000000;8.2
167;Trainspotting;1996;Drama;Danny Boyle;1500000;8.1
168;Prisoners;2013;Crime,Drama,Mystery;Denis Villeneuve;46000000;8.1
169;Warrior;2011;Action,Drama,Sport;Gavin O'Connor;25000000;8.2
170;Fargo;1996;Crime,Thriller;Joel Coen,Ethan Coen(uncredited);7000000;8.1
171;Gran Torino;2008;Drama;Clint Eastwood;33000000;8.1
172;My Neighbor Totoro;1988;Animation,Comedy,Family;Hayao Miyazaki;Not Available;8.1
173;Catch Me If You Can;2002;Biography,Crime,Drama;Steven Spielberg;Not Available;8.1
174;Million Dollar Baby;2004;Drama,Sport;Clint Eastwood;30000000;8.1
175;Children of Heaven;1997;Drama,Family,Sport;Majid Majidi;Not Available;8.2
176;Blade Runner;1982;Action,Drama,Sci-Fi;Ridley Scott;28000000;8.1
177;The Gold Rush;1925;Adventure,Comedy,Drama;Charles Chaplin;923000;8.1
178;Before Sunrise;1995;Drama,Romance;Richard Linklater;2500000;8.1
179;12 Years a Slave;2013;Biography,Drama,History;Steve McQueen;20000000;8.1
180;Klaus;2019;Animation,Adventure,Comedy;Sergio Pablos,Carlos Martínez López(co-director);Not Available;8.2
181;Harry Potter and the Deathly Hallows: Part 2;2011;Adventure,Family,Fantasy;David Yates;125000000;8.1
182;On the Waterfront;1954;Crime,Drama,Thriller;Elia Kazan;910000;8.1
183;Ben-Hur;1959;Adventure,Drama;William Wyler;15000000;8.1
184;Gone Girl;2014;Drama,Mystery,Thriller;David Fincher;Not Available;8.1
185;The Grand Budapest Hotel;2014;Adventure,Comedy,Crime;Wes Anderson;25000000;8.1
186;Wild Strawberries;1957;Drama,Romance;Ingmar Bergman;Not Available;8.1
187;The General;1926;Action,Adventure,Comedy;Clyde Bruckman,Buster Keaton;750000;8.1
188;The Third Man;1949;Film-Noir,Mystery,Thriller;Carol Reed;Not Available;8.1
189;In the Name of the Father;1993;Biography,Crime,Drama;Jim Sheridan;Not Available;8.1
190;The Deer Hunter;1978;Drama,War;Michael Cimino;15000000;8.1
191;Barry Lyndon;1975;Adventure,Drama,War;Stanley Kubrick;11000000;8.1
192;Hacksaw Ridge;2016;Biography,Drama,History;Mel Gibson;40000000;8.1
193;The Wages of Fear;1953;Adventure,Drama,Thriller;Henri-Georges Clouzot;Not Available;8.2
194;Memories of Murder;2003;Crime,Drama,Mystery;Bong Joon Ho;2800000;8.1
195;Sherlock, Jr.;1924;Action,Comedy,Romance;Buster Keaton;Not Available;8.2
196;Wild Tales;2014;Comedy,Drama,Thriller;Damián Szifron;Not Available;8.1
197;Mr. Smith Goes to Washington;1939;Comedy,Drama;Frank Capra;1900000;8.1
198;Mad Max: Fury Road;2015;Action,Adventure,Sci-Fi;George Miller;150000000;8.1
199;The Seventh Seal;1957;Drama,Fantasy;Ingmar Bergman;150000;8.1
200;Mary and Max;2009;Animation,Comedy,Drama;Adam Elliot;$8240000;8.1
201;How to Train Your Dragon;2010;Animation,Action,Adventure;Dean DeBlois,Chris Sanders;165000000;8.1
202;Room;2015;Drama,Thriller;Lenny Abrahamson;13000000;8.1
203;Monsters, Inc.;2001;Animation,Adventure,Comedy;Pete Docter,David Silverman(co-director),Lee Unkrich(co-director);115000000;8.1
204;Jaws;1975;Adventure,Thriller;Steven Spielberg;7000000;8.1
205;Dead Poets Society;1989;Comedy,Drama;Peter Weir;16400000;8.1
206;The Big Lebowski;1998;Comedy,Crime;Joel Coen,Ethan Coen(uncredited);15000000;8.1
207;Tokyo Story;1953;Drama;Yasujirô Ozu;Not Available;8.2
208;The Passion of Joan of Arc;1928;Biography,Drama,History;Carl Theodor Dreyer;Not Available;8.2
209;Hotel Rwanda;2004;Biography,Drama,History;Terry George;17500000;8.1
210;Ford v Ferrari;2019;Action,Biography,Drama;James Mangold;97600000;8.1
211;Rocky;1976;Drama,Sport;John G. Avildsen;960000;8.1
212;Platoon;1986;Drama,War;Oliver Stone;6000000;8.1
213;Ratatouille;2007;Animation,Adventure,Comedy;Brad Bird,Jan Pinkava(co-director);150000000;8.1
214;Spotlight;2015;Biography,Crime,Drama;Tom McCarthy;20000000;8.1
215;The Terminator;1984;Action,Sci-Fi;James Cameron;6400000;8.1
216;Logan;2017;Action,Drama,Sci-Fi;James Mangold;97000000;8.1
217;Stand by Me;1986;Adventure,Drama;Rob Reiner;8000000;8.1
218;Rush;2013;Action,Biography,Drama;Ron Howard;38000000;8.1
219;Network;1976;Drama;Sidney Lumet;3800000;8.1
220;Into the Wild;2007;Adventure,Biography,Drama;Sean Penn;15000000;8.1
221;Before Sunset;2004;Drama,Romance;Richard Linklater;Not Available;8.1
222;The Wizard of Oz;1939;Adventure,Family,Fantasy;Victor Fleming,George Cukor(uncredited),Mervyn LeRoy(uncredited);2777000;8.1
223;Pather Panchali;1955;Drama;Satyajit Ray;Not Available;8.3
224;Groundhog Day;1993;Comedy,Drama,Fantasy;Harold Ramis;14600000;8.1
225;The Best Years of Our Lives;1946;Drama,Romance,War;William Wyler;2100000;8.1
226;The Exorcist;1973;Horror;William Friedkin;11000000;8.1
227;The Incredibles;2004;Animation,Action,Adventure;Brad Bird;92000000;8.0
228;To Be or Not to Be;1942;Comedy,Romance,War;Ernst Lubitsch;Not Available;8.2
229;La Haine;1995;Crime,Drama;Mathieu Kassovitz;Not Available;8.1
230;The Battle of Algiers;1966;Drama,War;Gillo Pontecorvo;800000;8.1
231;Pirates of the Caribbean: The Curse of the Black Pearl;2003;Action,Adventure,Fantasy;Gore Verbinski;140000000;8.1
232;Hachi: A Dog's Tale;2009;Biography,Drama,Family;Lasse Hallström;Not Available;8.1
233;The Grapes of Wrath;1940;Drama;John Ford;800000;8.1
234;Jai Bhim;2021;Crime,Drama,Mystery;T.J. Gnanavel;Not Available;8.8
235;My Father and My Son;2005;Drama,Family;Çagan Irmak;Not Available;8.2
236;Amores perros;2000;Drama,Thriller;Alejandro G. Iñárritu;2000000;8.1
237;Rebecca;1940;Drama,Film-Noir,Mystery;Alfred Hitchcock;1288000;8.1
238;Cool Hand Luke;1967;Crime,Drama;Stuart Rosenberg;3200000;8.1
239;The Handmaiden;2016;Drama,Romance,Thriller;Park Chan-wook;Not Available;8.1
240;The 400 Blows;1959;Crime,Drama;François Truffaut;Not Available;8.1
241;The Sound of Music;1965;Biography,Drama,Family;Robert Wise;8200000;8.1
242;It Happened One Night;1934;Comedy,Romance;Frank Capra;325000;8.1
243;Persona;1966;Drama,Thriller;Ingmar Bergman;Not Available;8.1
244;Monty Python’s Life of Brian;1979;Comedy;Terry Jones;4000000;8.0
245;The Iron Giant;1999;Animation,Action,Adventure;Brad Bird;70000000;8.1
246;The Help;2011;Drama;Tate Taylor;25000000;8.1
247;Dersu Uzala;1975;Adventure,Biography,Drama;Akira Kurosawa;4000000;8.2
248;Aladdin;1992;Animation,Adventure,Comedy;Ron Clements,John Musker;Not Available;8.0
249;Gandhi;1982;Biography,Drama,History;Richard Attenborough;22000000;8.0
250;Dances with Wolves;1990;Adventure,Drama,Western;Kevin Costner;22000000;8.0
