character;actor;movie;image_url;search_title
James Bond;Roger Moore;A View to a Kill;https://static.wikia.nocookie.net/jamesbond/images/d/de/James_Bond_%28Roger_Moore%29_-_Profile.jpg;James Bond (Roger Moore)
Max Zorin;Christopher Walken;A View to a Kill;https://static.wikia.nocookie.net/jamesbond/images/b/bb/Max_Zorin_-_Profile.png;Max Zorin
Stacey Sutton;Tanya Roberts;A View to a Kill;https://static.wikia.nocookie.net/jamesbond/images/7/7e/Stacy_Sutton_-_Profile.png;Stacey Sutton
May Day;Grace Jones;A View to a Kill;https://static.wikia.nocookie.net/jamesbond/images/9/9a/May_Day_-_Profile.png;May Day
Sir Godfrey Tibbett;Patrick Macnee;A View to a Kill;https://static.wikia.nocookie.net/jamesbond/images/8/80/Godfrey_Tibbett_-_Profile.png;Sir Godfrey Tibbett
Scarpine;Patrick Bauchau;A View to a Kill;https://static.wikia.nocookie.net/jamesbond/images/a/af/Scarpine_%28Patrick_Bauchau%29_-_Profile.png;Scarpine
Dr. Mortner;Willoughby Gray;A View to a Kill;https://static.wikia.nocookie.net/jamesbond/images/e/e9/Dr._Carl_Mortner_-_Profile.png;Dr. Mortner
Pola Ivanova;Fiona Fullerton;A View to a Kill;https://static.wikia.nocookie.net/jamesbond/images/e/e6/Pola_Ivanova_%28Fiona_Fullerton%29_-_Profile.jpg;Pola Ivanova
Chuck Lee;David Yip;A View to a Kill;https://static.wikia.nocookie.net/jamesbond/images/a/a9/Chuck_Lee_-_Profile.png;Chuck Lee
General Gogol;Walter Gotell;A View to a Kill;https://static.wikia.nocookie.net/jamesbond/images/a/a8/General_Gogol_%28Walter_Gotell%29_-_Profile.jpg;General Gogol
M;Robert Brown;A View to a Kill;https://static.wikia.nocookie.net/jamesbond/images/f/fe/M_%28Octopussy%29_-_Profile.png;M (Robert Brown)
Q;Desmond Llewelyn;A View to a Kill;https://static.wikia.nocookie.net/jamesbond/images/4/49/Q_%28Desmond_Llewelyn%29_-_Profile.png;Q (Desmond Llewelyn)
Sir Fredrick Gray;Geoffrey Keen;A View to a Kill;https://static.wikia.nocookie.net/jamesbond/images/e/e6/Fredrick_Gray_%28The_Spy_Who_Loved_Me%29_-_Profile.png;Sir Fredrick Gray
Miss Moneypenny;Lois Maxwell;A View to a Kill;https://static.wikia.nocookie.net/jamesbond/images/1/1d/Moneypenny_-_Lois_Maxwell_-_Profile.png;Miss Moneypenny (Lois Maxwell)
Kimberley Jones;Mary Stävin;A View to a Kill;https://static.wikia.nocookie.net/jamesbond/images/2/2b/Kimberley_Jones_%28Mary_Stavin%29_-_Profile.jpg;Kimberley Jones
Jenny Flex;Alison Doody;A View to a Kill;https://static.wikia.nocookie.net/jamesbond/images/d/dd/Jenny_Flex_-_Profile.png;Jenny Flex
Pan Ho;Papillon Soo Soo;A View to a Kill;https://static.wikia.nocookie.net/jamesbond/images/8/8a/Pan_Ho_%28Papillon_Soo_Soo%29_-_Profile.jpg;Pan Ho
Bob Conley;Manning Redwood;A View to a Kill;https://static.wikia.nocookie.net/jamesbond/images/9/90/Bob_Conley_%28Manning_Redwood%29_-_Profile.jpg;Bob Conley
Achille Aubergine;Jean Rougerie;A View to a Kill;https://static.wikia.nocookie.net/jamesbond/images/5/51/Achille_Aubergine_-_Profile.png;Achille Aubergine
Dominique;Carole Ashby;A View to a Kill;https://static.wikia.nocookie.net/jamesbond/images/b/bf/Dominique_%28Dominique_Risbourg%29_-_Profile.png;Dominique (Carole Ashby)
Klotkoff;Bogdan Kominowski;A View to a Kill;https://static.wikia.nocookie.net/jamesbond/images/5/53/Klotkoff_-_Profile.png;Klotkoff
W.G. Howe;Daniel Benzali;A View to a Kill;https://static.wikia.nocookie.net/jamesbond/images/d/de/W.G._Howe_-_Profile.png;W.G. Howe
SFPD Captain;Joe Flood;A View to a Kill;https://static.wikia.nocookie.net/jamesbond/images/9/9a/Police_Captain_%28Joe_Flood%29_-_Profile.png;SFPD Captain (Joe Flood)
Venz;wikipedia:Dolph Lundgren|Dolph Lundgren;A View to a Kill;https://static.wikia.nocookie.net/jamesbond/images/9/97/Venz_%28Dolph_Lundgren%29_-_Profile.jpg;Venz
Zorin's guard;Ron Tarr;A View to a Kill;;
James Bond;Daniel Craig;Casino Royale;https://static.wikia.nocookie.net/jamesbond/images/8/81/James_Bond_%28Daniel_Craig%29_-_Profile.jpg;James Bond (Daniel Craig)
Vesper Lynd;Eva Green;Casino Royale;https://static.wikia.nocookie.net/jamesbond/images/c/ca/Vesper_Lynd_%28Eva_Green%29_-_Profile.png;Vesper Lynd (Eva Green)
Le Chiffre;Mads Mikkelsen;Casino Royale;https://static.wikia.nocookie.net/jamesbond/images/9/9c/Le_Chiffre_%28Mads_Mikkelsen%29_-_Profile.jpg;Le Chiffre (Mads Mikkelsen)
M;Judi Dench;Casino Royale;https://static.wikia.nocookie.net/jamesbond/images/5/5b/M_%28Casino_Royale%29_-_Profile.png;M (Judi Dench)
Felix Leiter;Jeffrey Wright;Casino Royale;https://static.wikia.nocookie.net/jamesbond/images/0/03/Felix_Leiter_%28Jeffrey_Wright%29_-_Profile.png;Felix Leiter (Jeffrey Wright)
René Mathis;Giancarlo Giannini;Casino Royale;https://static.wikia.nocookie.net/jamesbond/images/f/fc/Ren%C3%A9_Mathis_%28Giancarlo_Giannini%29_-_Profile.png;René Mathis (Giancarlo Giannini)
Mr. White;Jesper Christensen;Casino Royale;https://static.wikia.nocookie.net/jamesbond/images/e/ec/Mr._White_-_Profile.png;Mr. White
Valenka;Ivana Miličević;Casino Royale;https://static.wikia.nocookie.net/jamesbond/images/5/5a/Valenka_%28Ivana_Mili%C4%8Devi%C4%87%29_-_Profile.png;Valenka
Alex Dimitrios;Simon Abkarian;Casino Royale;https://static.wikia.nocookie.net/jamesbond/images/b/be/Alex_Dimitrios_%28Casino_Royale%29_-_Profile.png;Alex Dimitrios
Solange Dimitrios;Caterina Murino;Casino Royale;https://static.wikia.nocookie.net/jamesbond/images/5/52/Solange_Dimitrios_%28Caterina_Murino%29_-_Profile.jpg;Solange Dimitrios
Carlos Nikolic;Claudio Santamaria;Casino Royale;https://static.wikia.nocookie.net/jamesbond/images/b/bd/Carlos_Nikolic_%28Claudio_Santamaria%29_-_Profile.png;Carlos Nikolic
Villiers;Tobias Menzies;Casino Royale;https://static.wikia.nocookie.net/jamesbond/images/5/5b/Villiers_Profile.png;Villiers
Dryden;Malcolm Sinclair;Casino Royale;https://static.wikia.nocookie.net/jamesbond/images/9/99/Dryden_%28Malcolm_Sinclair%29_-_Profile.jpg;Dryden
Mr. Bliss;Con O'Neill;Casino Royale;;
Steven Obanno;Isaach De Bankolé;Casino Royale;https://static.wikia.nocookie.net/jamesbond/images/7/76/Steven_Obanno_%28Casino_Royale%29_-_Profile.png;Steven Obanno
Mollaka Danso;Sébastian Foucan;Casino Royale;https://static.wikia.nocookie.net/jamesbond/images/3/3c/Mollaka_%28S%C3%A9bastian_Foucan%29_-_Profile.jpg;Mollaka Danso
Adolph Gettler;Richard Sammel;Casino Royale;https://static.wikia.nocookie.net/jamesbond/images/a/a4/Gettler.png;Adolph Gettler (Richard Sammel)
Kratt;Clemens Schick;Casino Royale;https://static.wikia.nocookie.net/jamesbond/images/a/a6/Kratt_-_Profile.png;Kratt
Fisher;Darwin Shaw;Casino Royale;https://static.wikia.nocookie.net/jamesbond/images/1/11/Fisher_%28Darwin_Shaw%29_-_Profile.jpg;Fisher
Leo;Emmanuel Avena;Casino Royale;https://static.wikia.nocookie.net/jamesbond/images/3/3e/Leo-1.png;Leo
Carter;Joseph Millson;Casino Royale;https://static.wikia.nocookie.net/jamesbond/images/f/f2/Carter_%28Joseph_Millson%29_-_Profile.jpg;Carter
Tall Man;Leo Stransky;Casino Royale;https://static.wikia.nocookie.net/jamesbond/images/d/d8/Tall_Man_%28Leo_Stransky%29_-_Profile.png;Tall Man
Madam Wu;Tsai Chin;Casino Royale;https://static.wikia.nocookie.net/jamesbond/images/e/e5/Madam_Wu_-_Profile.png;Madam Wu
Mendel;Ludger Pistor;Casino Royale;https://static.wikia.nocookie.net/jamesbond/images/7/7c/Mendel_%28Ludger_Pistor%29.jpg;Mendel
Williams;Ben Cooke;Casino Royale;https://static.wikia.nocookie.net/jamesbond/images/c/c3/Williams.png;Williams
Infante;Ade;Casino Royale;https://static.wikia.nocookie.net/jamesbond/images/2/2f/Infante_-_Profile.png;Infante
Tomelli;Urbano Barberini;Casino Royale;https://static.wikia.nocookie.net/jamesbond/images/2/2b/Tomelli.png;Tomelli
Gallardo;Charlie Levy Leroy;Casino Royale;https://static.wikia.nocookie.net/jamesbond/images/7/72/63894-27085.jpg;Gallardo
Kaminofsky;Lazar Ristovski;Casino Royale;https://static.wikia.nocookie.net/jamesbond/images/7/72/Kaminofsky_-_Profile.png;Kaminofsky
Fukutu;Tom So;Casino Royale;https://static.wikia.nocookie.net/jamesbond/images/a/a5/Fukutu_-_Profile.png;Fukutu
Gräfin von Wallenstein;Veruschka von Lehndorff;Casino Royale;https://static.wikia.nocookie.net/jamesbond/images/6/62/Gr%C3%A4fin_von_Wallenstein_-_Profile.png;Gräfin von Wallenstein
Ocean Club receptionist;Christina Cole;Casino Royale;;
Vanya Bor;Unknown;Casino Royale;https://static.wikia.nocookie.net/jamesbond/images/f/f7/VanyaBor.png;Vanya Bor
Heni Marville-Beau;Unknown;Casino Royale;https://static.wikia.nocookie.net/jamesbond/images/1/16/Marville-Beau%2C_Heni.png;Heni Marville-Beau
Izzie Sawakowa;Unknown;Casino Royale;https://static.wikia.nocookie.net/jamesbond/images/d/df/SawakowaIzzie.png;Izzie Sawakowa
James Bond;Sean Connery;Diamonds Are Forever;https://static.wikia.nocookie.net/jamesbond/images/b/b2/James_Bond_%28Sean_Connery%29_-_Profile.jpg;James Bond (Sean Connery)
Tiffany Case;Jill St. John;Diamonds Are Forever;https://static.wikia.nocookie.net/jamesbond/images/3/30/Tiffany_Case_%28Jill_St_John%29_-_Profile.png;Tiffany Case (Jill St. John)
Ernst Stavro Blofeld;Charles Gray;Diamonds Are Forever;https://static.wikia.nocookie.net/jamesbond/images/9/95/Blofeld_Profile_%28Charles_Gray%29.png;Ernst Stavro Blofeld (Charles Gray)
Mr. Kidd;Putter Smith;Diamonds Are Forever;https://static.wikia.nocookie.net/jamesbond/images/8/82/Mr._Kidd_%28Putter_Smith%29_-_Profile.png;Mr. Kidd (Putter Smith)
Mr. Wint;Bruce Glover;Diamonds Are Forever;https://static.wikia.nocookie.net/jamesbond/images/6/67/Mr._Wint_%28Bruce_Glover%29_-_Profile.png;Mr. Wint (Bruce Glover)
Plenty O'Toole;Lana Wood;Diamonds Are Forever;https://static.wikia.nocookie.net/jamesbond/images/6/63/Plenty_O%27Toole_-_Profile.png;Plenty O'Toole
Willard Whyte;Jimmy Dean;Diamonds Are Forever;https://static.wikia.nocookie.net/jamesbond/images/7/74/Willard_Whyte_-_Profile.png;Willard Whyte
Felix Leiter;Norman Burton;Diamonds Are Forever;https://static.wikia.nocookie.net/jamesbond/images/c/c3/Felix_Leiter_%28Norman_Burton%29_-_Profile.png;Felix Leiter (Norman Burton)
Bert Saxby;Bruce Cabot;Diamonds Are Forever;https://static.wikia.nocookie.net/jamesbond/images/8/83/Bert_Saxby_-_Profile.png;Bert Saxby
Miss Moneypenny;Lois Maxwell;Diamonds Are Forever;https://static.wikia.nocookie.net/jamesbond/images/1/1d/Moneypenny_-_Lois_Maxwell_-_Profile.png;Miss Moneypenny (Lois Maxwell)
Professor Dr. Metz;Joseph Fürst;Diamonds Are Forever;https://static.wikia.nocookie.net/jamesbond/images/a/a9/Professor_Dr._Metz_-_Profile.png;Professor Dr. Metz
Sir Donald Munger;Laurence Naismith;Diamonds Are Forever;https://static.wikia.nocookie.net/jamesbond/images/9/9f/Donald_Munger_-_Profile.png;Sir Donald Munger
Morton Slumber;David Bauer;Diamonds Are Forever;https://static.wikia.nocookie.net/jamesbond/images/6/6e/Morton_Slumber_-_Profile.png;Morton Slumber
Q;Desmond Llewelyn;Diamonds Are Forever;https://static.wikia.nocookie.net/jamesbond/images/4/49/Q_%28Desmond_Llewelyn%29_-_Profile.png;Q (Desmond Llewelyn)
M;Bernard Lee;Diamonds Are Forever;https://static.wikia.nocookie.net/jamesbond/images/7/7c/M_%28Bernard_Lee%29_-_Profile.jpg;M (Bernard Lee)
Dr. Tynan;Henry Rowland;Diamonds Are Forever;https://static.wikia.nocookie.net/jamesbond/images/b/b1/Dr._Tynan_-_Profile.png;Dr. Tynan
Shady Tree;Leonard Barr;Diamonds Are Forever;https://static.wikia.nocookie.net/jamesbond/images/a/a1/Shady_Tree_Profile_%28No2%29.png;Shady Tree (Leonard Barr)
Mrs. Whistler;Margaret Lacey;Diamonds Are Forever;https://static.wikia.nocookie.net/jamesbond/images/9/9e/Mrs._Whistler_-_Profile.png;Mrs. Whistler
Peter Franks;Joe Robinson;Diamonds Are Forever;https://static.wikia.nocookie.net/jamesbond/images/8/8a/Peter_Franks.jpg;Peter Franks
Joe;Ray Baker;Diamonds Are Forever;https://static.wikia.nocookie.net/jamesbond/images/e/e8/Joe_%28helicopter_pilot%29_-_Profile.png;Joe
Bambi;Lola Larson;Diamonds Are Forever;https://static.wikia.nocookie.net/jamesbond/images/2/24/Bambi_-_Profile.png;Bambi
Thumper;Trina Parks;Diamonds Are Forever;https://static.wikia.nocookie.net/jamesbond/images/3/32/Thumper_-_Profile.png;Thumper
Tom;Shane Rimmer;Diamonds Are Forever;https://static.wikia.nocookie.net/jamesbond/images/e/e3/Tom_%28Shane_Rimmer%29_-_Profile.png;Tom (Shane Rimmer)
James Bond;Pierce Brosnan;Die Another Day;https://static.wikia.nocookie.net/jamesbond/images/d/dc/James_Bond_%28Pierce_Brosnan%29_-_Profile.jpg;James Bond (Pierce Brosnan)
Jinx;Halle Berry;Die Another Day;https://static.wikia.nocookie.net/jamesbond/images/2/25/Jinx_%28Halle_Berry%29_-_Profile.jpg;Jinx (Halle Berry)
Gustav Graves;Toby Stephens;Die Another Day;https://static.wikia.nocookie.net/jamesbond/images/5/5c/Tan-Sun_Moon_-_Profile.png;Gustav Graves
Miranda Frost;Rosamund Pike;Die Another Day;https://static.wikia.nocookie.net/jamesbond/images/2/2c/Miranda_Frost_%28Rosamund_Pike%29_-_Profile.jpg;Miranda Frost
Zao;Rick Yune;Die Another Day;https://static.wikia.nocookie.net/jamesbond/images/a/ac/Zao_%28Die_Another_Day%29_-_Profile.png;Zao
M;Judi Dench;Die Another Day;https://static.wikia.nocookie.net/jamesbond/images/5/5b/M_%28Casino_Royale%29_-_Profile.png;M (Judi Dench)
Q;John Cleese;Die Another Day;https://static.wikia.nocookie.net/jamesbond/images/9/99/R_-_TWiNE_-_Profile.png;Q (John Cleese)
Damian Falco;Michael Madsen;Die Another Day;https://static.wikia.nocookie.net/jamesbond/images/e/ea/Damian_Falco_-_Profile.png;Damian Falco
General Moon;Kenneth Tsang;Die Another Day;https://static.wikia.nocookie.net/jamesbond/images/7/7a/General_Moon_%28Kenneth_Tsang%29_-_Profile.jpg;General Moon
Colonel Moon;Will Yun Lee;Die Another Day;;
Raoul;Emilio Echevarría;Die Another Day;https://static.wikia.nocookie.net/jamesbond/images/9/97/Raoul_%28Emilio_Echevarr%C3%ADa%29_-_Profile.png;Raoul
Miss Moneypenny;Samantha Bond;Die Another Day;https://static.wikia.nocookie.net/jamesbond/images/0/0a/Miss_Moneypenny_%28Samantha_Bond%29_-_Profile.png;Miss Moneypenny (Samantha Bond)
Charles Robinson;Colin Salmon;Die Another Day;https://static.wikia.nocookie.net/jamesbond/images/4/4c/Charles_Robinson_-_Profile.png;Charles Robinson
Verity;Madonna;Die Another Day;https://static.wikia.nocookie.net/jamesbond/images/d/dd/Verity_%28Madonna%29_-_Profile.jpg;Verity
Vlad;Mikhail Gorevoy;Die Another Day;https://static.wikia.nocookie.net/jamesbond/images/e/ef/Vlad_%28Mikhail_Gorevoy%29_-_Profile.png;Vlad
Mr. Kil;Lawrence Makoare;Die Another Day;https://static.wikia.nocookie.net/jamesbond/images/7/7a/Kil.png;Mr. Kil
Dr. Alvarez;Simón Andreu;Die Another Day;https://static.wikia.nocookie.net/jamesbond/images/4/47/Dr._Alvarez_-_Profile.png;Dr. Alvarez
Mr. Chang;Ho Yi;Die Another Day;https://static.wikia.nocookie.net/jamesbond/images/c/cf/Mr._Chang_-_Profile.png;Mr. Chang
James Bond;Sean Connery;Dr. No;https://static.wikia.nocookie.net/jamesbond/images/b/b2/James_Bond_%28Sean_Connery%29_-_Profile.jpg;James Bond (Sean Connery)
Honey Ryder;Unknown;Dr. No;;
Dr. Julius No;Joseph Wiseman;Dr. No;https://static.wikia.nocookie.net/jamesbond/images/d/db/Dr_No_-_Profile.jpg;Dr. Julius No (Joseph Wiseman)
Felix Leiter;Jack Lord;Dr. No;https://static.wikia.nocookie.net/jamesbond/images/4/44/Felix_Leiter_%28Jack_Lord%29_-_Profile.png;Felix Leiter (Jack Lord)
M;Bernard Lee;Dr. No;https://static.wikia.nocookie.net/jamesbond/images/7/7c/M_%28Bernard_Lee%29_-_Profile.jpg;M (Bernard Lee)
R. J. Dent;Anthony Dawson;Dr. No;https://static.wikia.nocookie.net/jamesbond/images/7/78/R.J._Dent_-_Profile.png;R. J. Dent (Anthony Dawson)
Quarrel;John Kitzmiller;Dr. No;https://static.wikia.nocookie.net/jamesbond/images/6/66/Quarrel_%28John_Kitzmiller%29_-_Profile.jpg;Quarrel (John Kitzmiller)
Miss Taro;Zena Marshall;Dr. No;https://static.wikia.nocookie.net/jamesbond/images/b/b4/Miss_Taro_Profile.png;Miss Taro (Zena Marshall)
Sylvia Trench;Eunice Gayson;Dr. No;https://static.wikia.nocookie.net/jamesbond/images/1/14/Sylvia_Trench_%28Eunice_Gayson%29_-_Profile.jpg;Sylvia Trench
Sister Rose;Michel Mok;Dr. No;https://static.wikia.nocookie.net/jamesbond/images/a/a0/Sister_Rose_%28Michel_Mok%29_-_Profile.jpg;Sister Rose
Miss Moneypenny;Lois Maxwell;Dr. No;https://static.wikia.nocookie.net/jamesbond/images/1/1d/Moneypenny_-_Lois_Maxwell_-_Profile.png;Miss Moneypenny (Lois Maxwell)
Q;Peter Burton;Dr. No;https://static.wikia.nocookie.net/jamesbond/images/3/34/Q_%28Peter_Burton%29_-_Profile.png;Q (Peter Burton)
Sister Lily;Yvonne Shima;Dr. No;https://static.wikia.nocookie.net/jamesbond/images/2/24/Sister_Lily_%28Yvonne_Shima%29_-_Profile.jpg;Sister Lily
Pleydell Smith;Louis Blaazer;Dr. No;https://static.wikia.nocookie.net/jamesbond/images/8/80/Pleydell-Smith_%28Louis_Blaazer%29_-_Profile.png;Pleydell Smith (Louis Blaazer)
Mr. Jones;Reginald Carter;Dr. No;;
Superintendent Duff;William Foster-Davis;Dr. No;https://static.wikia.nocookie.net/jamesbond/images/8/81/Commissioner_Duff_Profile.png;Superintendent Duff
Annabel Chung;Marguerite LeWars;Dr. No;https://static.wikia.nocookie.net/jamesbond/images/e/e7/Annabelle_Chung_%28Marguerite_LeWars%29_-_Profile.jpg;Annabel Chung
The Three Blind Mice;Unknown;Dr. No;https://static.wikia.nocookie.net/jamesbond/images/4/41/3_Blind_Mice.png;The Three Blind Mice
Mary Trueblood;Unknown;Dr. No;;
Chen;Unknown;Dr. No;https://static.wikia.nocookie.net/jamesbond/images/8/80/Chen.png;Chen
Puss-Feller;Unknown;Dr. No;;
Milton Reid;Unknown;Dr. No;https://static.wikia.nocookie.net/jamesbond/images/f/f7/MiltonReid.jpeg;Milton Reid
James Bond;Roger Moore;For Your Eyes Only;https://static.wikia.nocookie.net/jamesbond/images/d/de/James_Bond_%28Roger_Moore%29_-_Profile.jpg;James Bond (Roger Moore)
Melina Havelock;Carole Bouquet;For Your Eyes Only;https://static.wikia.nocookie.net/jamesbond/images/3/34/Melina_Havelock_%28Carole_Bouquet%29_-_Profile.jpg;Melina Havelock
Milos Columbo;Chaim Topol;For Your Eyes Only;https://static.wikia.nocookie.net/jamesbond/images/e/ec/Milos_Columbo_%28Chaim_Topol%29_-_Profile.png;Milos Columbo
Bibi Dahl;Lynn-Holly Johnson;For Your Eyes Only;https://static.wikia.nocookie.net/jamesbond/images/e/e0/Bibi_Dahl_%28Lynn-Holly_Johnson%29_-_Profile.jpg;Bibi Dahl
Aris Kristatos;Julian Glover;For Your Eyes Only;https://static.wikia.nocookie.net/jamesbond/images/6/61/Aris_Kristatos_%28Julian_Glover%29_-_Profile.jpg;Aris Kristatos
Lisl von Schlaf;Cassandra Harris;For Your Eyes Only;https://static.wikia.nocookie.net/jamesbond/images/e/e6/Lisl_von_Schlaf_-_Profile.png;Lisl von Schlaf
Jacoba Brink;Jill Bennett;For Your Eyes Only;https://static.wikia.nocookie.net/jamesbond/images/5/55/Jacoba_Brink_-_Profile.png;Jacoba Brink
Emile Leopold Locque;Michael Gothard;For Your Eyes Only;https://static.wikia.nocookie.net/jamesbond/images/6/6f/Emile_Leopold_Locque_-_Profile.png;Emile Leopold Locque
Erich Kriegler;John Wyman;For Your Eyes Only;https://static.wikia.nocookie.net/jamesbond/images/8/80/Erich_Kriegler_%28John_Wyman%29_-_Profile.jpg;Erich Kriegler
Sir Timothy Havelock;Jack Hedley;For Your Eyes Only;;
General Gogol;Walter Gotell;For Your Eyes Only;https://static.wikia.nocookie.net/jamesbond/images/a/a8/General_Gogol_%28Walter_Gotell%29_-_Profile.jpg;General Gogol
Bill Tanner;James Villiers;For Your Eyes Only;https://static.wikia.nocookie.net/jamesbond/images/8/84/Bill_Tanner_%28James_Villiers%29_-_Profile.jpg;Bill Tanner (James Villiers)
Sir Fredrick Gray;Geoffrey Keen;For Your Eyes Only;https://static.wikia.nocookie.net/jamesbond/images/e/e6/Fredrick_Gray_%28The_Spy_Who_Loved_Me%29_-_Profile.png;Sir Fredrick Gray
Q;Desmond Llewelyn;For Your Eyes Only;https://static.wikia.nocookie.net/jamesbond/images/4/49/Q_%28Desmond_Llewelyn%29_-_Profile.png;Q (Desmond Llewelyn)
Miss Moneypenny;Lois Maxwell;For Your Eyes Only;https://static.wikia.nocookie.net/jamesbond/images/1/1d/Moneypenny_-_Lois_Maxwell_-_Profile.png;Miss Moneypenny (Lois Maxwell)
Luigi Ferrara;Unknown;For Your Eyes Only;https://static.wikia.nocookie.net/jamesbond/images/0/07/Screenshot_2015-07-09_15.52.37.png;Luigi Ferrara
Hector Gonzales;Unknown;For Your Eyes Only;https://static.wikia.nocookie.net/jamesbond/images/b/b9/Hector_Gonzales_%28Stefan_Kalipha%29_-_Profile.jpg;Hector Gonzales
Claus;Charles Dance;For Your Eyes Only;https://static.wikia.nocookie.net/jamesbond/images/c/ca/Claus_%28Charles_Dance%29_-_Profile.jpg;Claus
Gonzales' henchman;Clive Curtis;For Your Eyes Only;;
First Sea Lord;Graham Crowden;For Your Eyes Only;https://static.wikia.nocookie.net/jamesbond/images/6/64/FirstSeaLordGrahamCrowden.jpg;First Sea Lord
Rublevitch;Eva Rueber-Staier;For Your Eyes Only;;
Sheena Easton;Unknown;For Your Eyes Only;https://static.wikia.nocookie.net/jamesbond/images/7/70/Sheena_Easton.jpg;Sheena Easton
James Bond;Sean Connery;From Russia with Love;https://static.wikia.nocookie.net/jamesbond/images/b/b2/James_Bond_%28Sean_Connery%29_-_Profile.jpg;James Bond (Sean Connery)
Tatiana Romanova;Unknown;From Russia with Love;;
Colonel Rosa Klebb;Lotte Lenya;From Russia with Love;https://static.wikia.nocookie.net/jamesbond/images/d/de/Rosa-klebb-from-russia-with-love.png;
Ali Kerim Bey;Pedro Armendariz;From Russia with Love;https://static.wikia.nocookie.net/jamesbond/images/c/c8/Kerim_Bey_%28Pedro_Armendariz%29_-_Profile.jpg;Ali Kerim Bey
Red Grant;Robert Shaw;From Russia with Love;https://static.wikia.nocookie.net/jamesbond/images/c/c2/Red_Grant_%28Robert_Shaw%29_-_Profile.jpg;Red Grant (Robert Shaw)
M;Bernard Lee;From Russia with Love;https://static.wikia.nocookie.net/jamesbond/images/7/7c/M_%28Bernard_Lee%29_-_Profile.jpg;M (Bernard Lee)
Sylvia Trench;Eunice Gayson;From Russia with Love;https://static.wikia.nocookie.net/jamesbond/images/1/14/Sylvia_Trench_%28Eunice_Gayson%29_-_Profile.jpg;Sylvia Trench
Kronsteen;Vladek Sheybal;From Russia with Love;https://static.wikia.nocookie.net/jamesbond/images/4/45/Kronsteen_%28Vladek_Sheybal%29_-_Profile.jpg;Kronsteen (Vladek Sheybal)
Ernst Stavro Blofeld;Anthony Dawson;From Russia with Love;https://static.wikia.nocookie.net/jamesbond/images/8/87/Blofeld_%28Dawson-Pohlmann%29_-_Profile.jpg;Ernst Stavro Blofeld(Anthony_Dawson)
Miss Moneypenny;Lois Maxwell;From Russia with Love;https://static.wikia.nocookie.net/jamesbond/images/1/1d/Moneypenny_-_Lois_Maxwell_-_Profile.png;Miss Moneypenny (Lois Maxwell)
Q;Desmond Llewelyn;From Russia with Love;https://static.wikia.nocookie.net/jamesbond/images/4/49/Q_%28Desmond_Llewelyn%29_-_Profile.png;Q (Desmond Llewelyn)
Morzeny;Walter Gotell;From Russia with Love;https://static.wikia.nocookie.net/jamesbond/images/5/53/Morzeny_%28Walter_Gotell%29_-_Profile.jpg;Morzeny
Vavra;Francis de Wolff;From Russia with Love;https://static.wikia.nocookie.net/jamesbond/images/7/74/Vavra.jpg;Vavra
Vida;Aliza Gur;From Russia with Love;https://static.wikia.nocookie.net/jamesbond/images/a/af/26329-6879.jpg;Vida (Aliza Gur)
Zora;Martine Beswick;From Russia with Love;https://static.wikia.nocookie.net/jamesbond/images/6/69/1478-6879.jpg;Zora (Martine Beswick)
Leila;Leila;From Russia with Love;;
James Bond;Pierce Brosnan;GoldenEye;https://static.wikia.nocookie.net/jamesbond/images/d/dc/James_Bond_%28Pierce_Brosnan%29_-_Profile.jpg;James Bond (Pierce Brosnan)
Alec Trevelyan;Sean Bean;GoldenEye;https://static.wikia.nocookie.net/jamesbond/images/7/76/Alec_Trevelyan_%28Sean_Bean%29_-_Profile.jpg;Alec Trevelyan (Sean Bean)
Natalya Simonova;Izabella Scorupco;GoldenEye;https://static.wikia.nocookie.net/jamesbond/images/1/1d/02%2BIzabella%2BScorupco%2Bas%2BNatalya%2BSimonova.jpg;Natalya Simonova (Izabella Scorupco)
Xenia Onatopp;Famke Janssen;GoldenEye;https://static.wikia.nocookie.net/jamesbond/images/d/db/Xenia_Onatopp_%28Famke_Janssen%29_-_Profile.jpg;Xenia Onatopp (Famke Janssen)
Jack Wade;Joe Don Baker;GoldenEye;https://static.wikia.nocookie.net/jamesbond/images/1/12/Jack_Wade_%28Joe_Don_Baker%29_-_Profile.jpg;Jack Wade
M;Judi Dench;GoldenEye;https://static.wikia.nocookie.net/jamesbond/images/5/5b/M_%28Casino_Royale%29_-_Profile.png;M (Judi Dench)
Valentin Zukovsky;Robbie Coltrane;GoldenEye;https://static.wikia.nocookie.net/jamesbond/images/6/69/Valentin_Zukovsky_-_Profile_%282%29.jpg;Valentin Zukovsky (Robbie Coltrane)
Dmitri Mishkin;Tchéky Karyo;GoldenEye;https://static.wikia.nocookie.net/jamesbond/images/9/9e/Dmitri_Mishkin_%28Tch%C3%A9ky_Karyo%29_-_Profile.jpg;Dmitri Mishkin (Tchéky Karyo)
General Ourumov;Gottfried John;GoldenEye;https://static.wikia.nocookie.net/jamesbond/images/5/58/General_Ourumov_%28Gottfried_John%29_-_Profile.png;General Ourumov (Gottfried John)
Boris Grishenko;Alan Cumming;GoldenEye;https://static.wikia.nocookie.net/jamesbond/images/6/64/Boris_Grishenko_%28Alan_Cumming%29_-_Profile.jpg;Boris Grishenko
Bill Tanner;Michael Kitchen;GoldenEye;https://static.wikia.nocookie.net/jamesbond/images/5/51/Bill_Tanner_%28Michael_Kitchen%29_-_Profile.jpg;Bill Tanner (Michael Kitchen)
Caroline;Serena Gordon;GoldenEye;https://static.wikia.nocookie.net/jamesbond/images/8/80/Caroline_%28Serena_Gordon%29_-_Profile.png;Caroline
Q;Desmond Llewelyn;GoldenEye;https://static.wikia.nocookie.net/jamesbond/images/4/49/Q_%28Desmond_Llewelyn%29_-_Profile.png;Q (Desmond Llewelyn)
Miss Moneypenny;Samantha Bond;GoldenEye;https://static.wikia.nocookie.net/jamesbond/images/0/0a/Miss_Moneypenny_%28Samantha_Bond%29_-_Profile.png;Miss Moneypenny (Samantha Bond)
Admiral Chuck Farrel;Billy J. Mitchell;GoldenEye;;
Irina;Minnie Driver;GoldenEye;https://static.wikia.nocookie.net/jamesbond/images/2/26/Irina.jpg;Irina (Minnie Driver)
Anna J. Nishkov;Michelle Arthur;GoldenEye;;
Valentin's Bodyguard;Peter Majer;GoldenEye;;
Lt. François Brouse - Tiger Helicopter Pilot;Simon Crane;GoldenEye;;
Capt. Bernard Jaubert - Tiger Helicopter Pilot;Wayne Michaels;GoldenEye;;
Train Driver;Trevor Byfield;GoldenEye;https://static.wikia.nocookie.net/jamesbond/images/c/ca/Train_Driver.png;Train Driver
James Bond;Sean Connery;Goldfinger;https://static.wikia.nocookie.net/jamesbond/images/b/b2/James_Bond_%28Sean_Connery%29_-_Profile.jpg;James Bond (Sean Connery)
Auric Goldfinger;Gert Fröbe;Goldfinger;https://static.wikia.nocookie.net/jamesbond/images/d/d9/Auric_Goldfinger_%28Gert_Fr%C3%B6be%29_-_Profile.png;Auric Goldfinger
Oddjob;Harold Sakata;Goldfinger;https://static.wikia.nocookie.net/jamesbond/images/a/a5/Oddjob_Profile.png;Oddjob (Harold Sakata)
Pussy Galore;Honor Blackman;Goldfinger;https://static.wikia.nocookie.net/jamesbond/images/c/cf/Pussy_Galore_%28Honor_Blackman%29_-_Profile.png;Pussy Galore (Honor Blackman)
Jill Masterson;Shirley Eaton;Goldfinger;https://static.wikia.nocookie.net/jamesbond/images/0/0a/Jill_Masterson_Profile.png;Jill Masterson (Shirley Eaton)
Tilly Masterson;Tania Mallet;Goldfinger;https://static.wikia.nocookie.net/jamesbond/images/a/a1/Tilly_Profile.png;Tilly Masterson (Tania Mallet)
M;Bernard Lee;Goldfinger;https://static.wikia.nocookie.net/jamesbond/images/7/7c/M_%28Bernard_Lee%29_-_Profile.jpg;M (Bernard Lee)
Mr. Ling;Burt Kwouk;Goldfinger;https://static.wikia.nocookie.net/jamesbond/images/1/1c/Mr._Ling_-_Profile.jpg;Mr. Ling
Mr. Solo;Martin Benson;Goldfinger;https://static.wikia.nocookie.net/jamesbond/images/a/ae/Mr._Solo_%28Martin_Benson%29_-_Profile.png;Mr. Solo (Martin Benson)
Bonita;Nadja Regin;Goldfinger;https://static.wikia.nocookie.net/jamesbond/images/c/ca/Profile_-_Bonita.png;Bonita
Q;Desmond Llewelyn;Goldfinger;https://static.wikia.nocookie.net/jamesbond/images/4/49/Q_%28Desmond_Llewelyn%29_-_Profile.png;Q (Desmond Llewelyn)
Felix Leiter;Cec Linder;Goldfinger;https://static.wikia.nocookie.net/jamesbond/images/d/dc/Felix_Leiter_%28Cec_Linder%29_-_Profile.png;Felix Leiter (Cec Linder)
Kisch;Michael Mellinger;Goldfinger;https://static.wikia.nocookie.net/jamesbond/images/f/f9/Kisch_-_Profile.png;Kisch
Denise;Aleta Morrison;Goldfinger;https://static.wikia.nocookie.net/jamesbond/images/b/b3/Profile_-_Denise_%28Aleta_Morrison%29.png;Denise (Aleta Morrison)
Atomic Specialist;Robert MacLeod;Goldfinger;https://static.wikia.nocookie.net/jamesbond/images/c/cd/Atomic_specialist_%28Robert_MacLeod%29_-_Profile.png;Atomic Specialist
Capungo;Alf Joint;Goldfinger;https://static.wikia.nocookie.net/jamesbond/images/c/c5/Capungo_%28Alf_Joint%29_-_Profile.jpg;Capungo
Simmons;Austin Willis;Goldfinger;https://static.wikia.nocookie.net/jamesbond/images/d/d7/Simmons_-_Profile.png;Simmons
Miss Moneypenny;Lois Maxwell;Goldfinger;https://static.wikia.nocookie.net/jamesbond/images/1/1d/Moneypenny_-_Lois_Maxwell_-_Profile.png;Miss Moneypenny (Lois Maxwell)
Jack Strap;Hal Galili;Goldfinger;https://static.wikia.nocookie.net/jamesbond/images/4/43/Jack_Strap_%28Hal_Galili%29_-_Profile.png;Jack Strap (Hal Galili)
Jed Midgnight;Bill Nagy;Goldfinger;;
Dink;Margaret Nolan;Goldfinger;https://static.wikia.nocookie.net/jamesbond/images/0/0e/Dink_-_Profile.png;Dink
Hawker;Gerry Duggan;Goldfinger;https://static.wikia.nocookie.net/jamesbond/images/6/6b/Hawker_-_Profile.png;Hawker (Gerry Duggan)
Mei-Lei;Mai Ling;Goldfinger;https://static.wikia.nocookie.net/jamesbond/images/3/30/MeiLeiProfilePic.jpeg;Mei-Lei
Colonel Smithers;Richard Vernon;Goldfinger;https://static.wikia.nocookie.net/jamesbond/images/1/14/Colonel_Smithers_-_Profile.png;Colonel Smithers
List of Minor Characters in Goldfinger;Unknown;Goldfinger;;
James Bond;Timothy Dalton;Licence to Kill;https://static.wikia.nocookie.net/jamesbond/images/5/59/James_Bond_%28Timothy_Dalton%29_-_Profile.jpg;James Bond (Timothy Dalton)
Franz Sanchez;Robert Davi;Licence to Kill;https://static.wikia.nocookie.net/jamesbond/images/4/48/Franz_Sanchez_%28Robert_Davi%29_-_Profile.png;Franz Sanchez
Pam Bouvier;Carey Lowell;Licence to Kill;https://static.wikia.nocookie.net/jamesbond/images/9/96/Pam_Bouvier_%28Carey_Lowell%29_-_Profile.jpg;Pam Bouvier
Lupe Lamora;Talisa Soto;Licence to Kill;https://static.wikia.nocookie.net/jamesbond/images/1/1a/Lupe_Lamora_%28Updated%29_-_Profile.jpg;Lupe Lamora
Dario;Benicio del Toro;Licence to Kill;https://static.wikia.nocookie.net/jamesbond/images/5/55/Dario_%28Benicio_del_Toro%29_-_Profile.jpg;Dario
Milton Krest;Anthony Zerbe;Licence to Kill;https://static.wikia.nocookie.net/jamesbond/images/0/0a/Milton_Krest_%28Anthony_Zerbe%29_-_Profile.jpg;Milton Krest (Anthony Zerbe)
Q;Desmond Llewelyn;Licence to Kill;https://static.wikia.nocookie.net/jamesbond/images/4/49/Q_%28Desmond_Llewelyn%29_-_Profile.png;Q (Desmond Llewelyn)
Felix Leiter;David Hedison;Licence to Kill;https://static.wikia.nocookie.net/jamesbond/images/6/6e/Leiter_%28Hedison%29_Profile.png;Felix Leiter (David Hedison)
Joe Butcher;Wayne Newton;Licence to Kill;https://static.wikia.nocookie.net/jamesbond/images/8/89/Joe_Butcher_%28Wayne_Newton%29_-_Profile.jpg;Joe Butcher
Ed Killifer;Everett McGill;Licence to Kill;https://static.wikia.nocookie.net/jamesbond/images/4/43/Ed_Killifer_-_Profile.png;Ed Killifer
Colonel Heller;Don Stroud;Licence to Kill;https://static.wikia.nocookie.net/jamesbond/images/c/c5/Heller_-_Profile.png;Colonel Heller
Hector Lopez;Pedro Armendáriz Jr.;Licence to Kill;https://static.wikia.nocookie.net/jamesbond/images/d/d1/Lopez.png;Hector Lopez
Della Churchill;Priscilla Barnes;Licence to Kill;https://static.wikia.nocookie.net/jamesbond/images/3/30/Della_Churchill_%28Priscilla_Barnes%29_-_Profile.jpg;Della Churchill
Sharkey;Frank McRae;Licence to Kill;https://static.wikia.nocookie.net/jamesbond/images/5/58/Sharkey_-_Profile.png;Sharkey
M;Robert Brown;Licence to Kill;https://static.wikia.nocookie.net/jamesbond/images/f/fe/M_%28Octopussy%29_-_Profile.png;M (Robert Brown)
Perez;Alejandro Bracho;Licence to Kill;https://static.wikia.nocookie.net/jamesbond/images/d/db/Perez_Profile.png;Perez
Braun;Guy De Saint Cyr;Licence to Kill;https://static.wikia.nocookie.net/jamesbond/images/d/d7/Barun.png;Braun (Guy De Saint Cyr)
Miss Moneypenny;Caroline Bliss;Licence to Kill;https://static.wikia.nocookie.net/jamesbond/images/b/b3/Moneypenny_-_Caroline_Bliss_-_Profile.png;Miss Moneypenny (Caroline Bliss)
Kwang;Cary-Hiroyuki Tagawa;Licence to Kill;https://static.wikia.nocookie.net/jamesbond/images/e/e1/Kwang_%28Cary-Hiroyuki_Tagawa%29_-_Profile.jpg;Kwang
Loti;Diana Lee-Hsu;Licence to Kill;https://static.wikia.nocookie.net/jamesbond/images/6/65/Loti.png;Loti
Fallon;Christopher Neame;Licence to Kill;https://static.wikia.nocookie.net/jamesbond/images/b/bb/Fallon_%28Christopher_Neame%29_-_Profile.png;Fallon
Truman-Lodge;Anthony Starke;Licence to Kill;https://static.wikia.nocookie.net/jamesbond/images/7/75/Truman-Lodge_%28Anthony_Starke%29_-_Profile.jpg;Truman-Lodge
Hawkins;Grand L. Bush;Licence to Kill;https://static.wikia.nocookie.net/jamesbond/images/0/0b/Hawkins_-_Profile.png;Hawkins
Montelongo;Claudio Brook;Licence to Kill;https://static.wikia.nocookie.net/jamesbond/images/b/b4/Montelongo.png;Montelongo
Mullens;Rafer Johnson;Licence to Kill;https://static.wikia.nocookie.net/jamesbond/images/4/41/Mullens_-_Profile.png;Mullens
Bill;Jeff Moldovan;Licence to Kill;https://static.wikia.nocookie.net/jamesbond/images/b/ba/Bill.png;Bill
Alvarez;Gerardo Albarrán;Licence to Kill;https://static.wikia.nocookie.net/jamesbond/images/7/7a/Alvarez_-_Profile.png;Alvarez
Clive;Eddie Edenfield;Licence to Kill;https://static.wikia.nocookie.net/jamesbond/images/6/63/Clive_-_Profile.png;Clive
Honorato;Honorato Magaloni;Licence to Kill;https://static.wikia.nocookie.net/jamesbond/images/b/b9/Honorato.png;Honorato
Tan;Osami Kawawo;Licence to Kill;https://static.wikia.nocookie.net/jamesbond/images/3/3b/Tan_-_Profile.png;Tan
Consuelo;Cynthia Fallon;Licence to Kill;https://static.wikia.nocookie.net/jamesbond/images/0/05/Consuelo.png;Consuelo
Rasmussen;Enrique Novi;Licence to Kill;https://static.wikia.nocookie.net/jamesbond/images/b/bc/Rasmussen.png;Rasmussen
James Bond;Roger Moore;Live and Let Die;https://static.wikia.nocookie.net/jamesbond/images/d/de/James_Bond_%28Roger_Moore%29_-_Profile.jpg;James Bond (Roger Moore)
Dr. Kananga/Mr. Big;Yaphet Kotto;Live and Let Die;https://static.wikia.nocookie.net/jamesbond/images/4/4c/Dr._Kananga_%28Yaphet_Kotto%29_-_Profile.jpg;Dr. Kananga/Mr. Big (Yaphet Kotto)
Solitaire;Jane Seymour;Live and Let Die;https://static.wikia.nocookie.net/jamesbond/images/e/ef/Solitaire_%28Jane_Seymour%29_-_Profile.jpg;Solitaire (Jane Seymour)
Sheriff J.W. Pepper;Clifton James;Live and Let Die;https://static.wikia.nocookie.net/jamesbond/images/b/b7/J.W._Pepper_%28Clifton_James%29_-_Profile.jpg;Sheriff J.W. Pepper
Baron Samedi;Geoffrey Holder;Live and Let Die;https://static.wikia.nocookie.net/jamesbond/images/a/a6/Baron_Samedi_%28Geoffrey_Holder%29_-_Profile.jpg;Baron Samedi
Tee Hee;Julius Harris;Live and Let Die;https://static.wikia.nocookie.net/jamesbond/images/e/e9/Tee_Hee_%28Julius_Harris%29_-_Profile.jpg;Tee Hee (Julius Harris)
Felix Leiter;David Hedison;Live and Let Die;https://static.wikia.nocookie.net/jamesbond/images/6/6e/Leiter_%28Hedison%29_Profile.png;Felix Leiter (David Hedison)
Rosie Carver;Gloria Hendry;Live and Let Die;https://static.wikia.nocookie.net/jamesbond/images/8/89/Rosie_Carver_%28Gloria_Hendry%29_-_Profile.jpg;Rosie Carver
M;Bernard Lee;Live and Let Die;https://static.wikia.nocookie.net/jamesbond/images/7/7c/M_%28Bernard_Lee%29_-_Profile.jpg;M (Bernard Lee)
Miss Moneypenny;Lois Maxwell;Live and Let Die;https://static.wikia.nocookie.net/jamesbond/images/1/1d/Moneypenny_-_Lois_Maxwell_-_Profile.png;Miss Moneypenny (Lois Maxwell)
Adam;Tommy Lane;Live and Let Die;https://static.wikia.nocookie.net/jamesbond/images/e/e4/Adam_Profile.png;Adam
Whisper;Earl Jolly Brown;Live and Let Die;https://static.wikia.nocookie.net/jamesbond/images/1/19/Whisper_%28Earl_Jolly_Brown%29_-_Profile.jpg;Whisper (Earl Jolly Brown)
Harold Strutter;Lon Satton;Live and Let Die;https://static.wikia.nocookie.net/jamesbond/images/5/52/Harold_Strutter_-_Profile.png;Harold Strutter
Quarrel Jr.;Roy Stewart;Live and Let Die;https://static.wikia.nocookie.net/jamesbond/images/5/51/Quarrel_Junior_Profile.png;Quarrel Jr.
Mrs. Bell;Ruth Kempf;Live and Let Die;https://static.wikia.nocookie.net/jamesbond/images/e/e5/Mrs._Bell_-_Profile.png;Mrs. Bell
James Bond;Roger Moore;Moonraker;https://static.wikia.nocookie.net/jamesbond/images/d/de/James_Bond_%28Roger_Moore%29_-_Profile.jpg;James Bond (Roger Moore)
Holly Goodhead;Lois Chiles;Moonraker;https://static.wikia.nocookie.net/jamesbond/images/0/0a/Holly_Goodhead_%28Lois_Chiles%29_-_Profile.jpg;Holly Goodhead (Lois Chiles)
Hugo Drax;Michael Lonsdale;Moonraker;https://static.wikia.nocookie.net/jamesbond/images/9/97/Hugo_Drax_%28Michael_Lonsdale%29_-_Profile.png;Hugo Drax (Michael Lonsdale)
Jaws;Richard Kiel;Moonraker;https://static.wikia.nocookie.net/jamesbond/images/0/06/Jaws_%28Richard_Kiel%29_-_Profile.png;Jaws (Richard Kiel)
Corinne Dufour;Corinne Cléry;Moonraker;https://static.wikia.nocookie.net/jamesbond/images/9/93/Corinne_Dufour_-_Profile.png;Corinne Dufour
Manuela;Emily Bolton;Moonraker;https://static.wikia.nocookie.net/jamesbond/images/b/bb/Manuela_%28Emily_Bolton%29_-_Profile.jpg;Manuela
M;Bernard Lee;Moonraker;https://static.wikia.nocookie.net/jamesbond/images/7/7c/M_%28Bernard_Lee%29_-_Profile.jpg;M (Bernard Lee)
General Gogol;Walter Gotell;Moonraker;https://static.wikia.nocookie.net/jamesbond/images/a/a8/General_Gogol_%28Walter_Gotell%29_-_Profile.jpg;General Gogol
Sir Fredrick Gray;Geoffrey Keen;Moonraker;https://static.wikia.nocookie.net/jamesbond/images/e/e6/Fredrick_Gray_%28The_Spy_Who_Loved_Me%29_-_Profile.png;Sir Fredrick Gray
Chang;Toshirô Suga;Moonraker;https://static.wikia.nocookie.net/jamesbond/images/b/b1/Chang_%28Toshir%C3%B4_Suga%29_-_Profile.jpg;Chang
Miss Moneypenny;Lois Maxwell;Moonraker;https://static.wikia.nocookie.net/jamesbond/images/1/1d/Moneypenny_-_Lois_Maxwell_-_Profile.png;Miss Moneypenny (Lois Maxwell)
Blonde Beauty;Irka Bochenko;Moonraker;https://static.wikia.nocookie.net/jamesbond/images/1/17/BlondeBeautyMoonraker.png;Blonde Beauty
Q;Desmond Llewelyn;Moonraker;https://static.wikia.nocookie.net/jamesbond/images/4/49/Q_%28Desmond_Llewelyn%29_-_Profile.png;Q (Desmond Llewelyn)
Dolly;Blanche Ravalec;Moonraker;https://static.wikia.nocookie.net/jamesbond/images/1/1e/Dolly_%28Blanche_Ravalec%29_-_Profile.jpg;Dolly
Museum Guide;Anne Lonnberg;Moonraker;https://static.wikia.nocookie.net/jamesbond/images/3/3a/MuseumGuideMoonraker.png;Museum Guide
Colonel Scott;Mike Marshall;Moonraker;https://static.wikia.nocookie.net/jamesbond/images/5/59/Colonel_Scott_-_Profile.png;Colonel Scott
Apollo pilot;Jean-Pierre Castaldi;Moonraker;;
Apollo air hostess;Leila Shenna;Moonraker;;
James Bond;Daniel Craig;No Time to Die;https://static.wikia.nocookie.net/jamesbond/images/8/81/James_Bond_%28Daniel_Craig%29_-_Profile.jpg;James Bond (Daniel Craig)
Madeleine Swann;Léa Seydoux;No Time to Die;https://static.wikia.nocookie.net/jamesbond/images/d/d4/Profile_-_Madeleine_Swann.png;Madeleine Swann
Lyutsifer Safin;Rami Malek;No Time to Die;https://static.wikia.nocookie.net/jamesbond/images/f/f2/Lyutsifer_Safin_-_Profile_V2.jpg;Lyutsifer Safin
Nomi;Lashana Lynch;No Time to Die;https://static.wikia.nocookie.net/jamesbond/images/2/28/Nomi.png;Nomi
Q;Ben Whishaw;No Time to Die;https://static.wikia.nocookie.net/jamesbond/images/4/42/Q_%28Ben_Whishaw%29_-_Profile.jpg;Q (Ben Whishaw)
Eve Moneypenny;Naomie Harris;No Time to Die;https://static.wikia.nocookie.net/jamesbond/images/9/96/Eve_Moneypenny_%28Naomie_Harris%29_-_Profile.jpg;Eve Moneypenny (Naomie Harris)
Felix Leiter;Jeffrey Wright;No Time to Die;https://static.wikia.nocookie.net/jamesbond/images/0/03/Felix_Leiter_%28Jeffrey_Wright%29_-_Profile.png;Felix Leiter (Jeffrey Wright)
Ernst Stavro Blofeld;Christoph Waltz;No Time to Die;https://static.wikia.nocookie.net/jamesbond/images/4/42/Blofeld_%28Christoph_Waltz%29_-_Profile.png;Ernst Stavro Blofeld (Christoph Waltz)
M;Ralph Fiennes;No Time to Die;https://static.wikia.nocookie.net/jamesbond/images/6/65/Gareth_Mallory_%28Ralph_Fiennes%29_-_Profile.jpg;M (Ralph Fiennes)
Logan Ash;Billy Magnussen;No Time to Die;https://static.wikia.nocookie.net/jamesbond/images/2/20/Logan_Ash1.png;Logan Ash
Paloma;Ana de Armas;No Time to Die;https://static.wikia.nocookie.net/jamesbond/images/c/c6/Paloma_-_Profile.jpg;Paloma
Valdo Obruchev;David Dencik;No Time to Die;https://static.wikia.nocookie.net/jamesbond/images/0/01/Valdo_Obruchev_-_%28Profile%29.jpg;Valdo Obruchev
Bill Tanner;Rory Kinnear;No Time to Die;https://static.wikia.nocookie.net/jamesbond/images/b/bf/Bill_Tanner_%28Quantum_of_Solace%29_-_Profile.jpg;Bill Tanner (Rory Kinnear)
Primo;Dali Benssalah;No Time to Die;https://static.wikia.nocookie.net/jamesbond/images/9/9e/Primo_-_Profile.png;Primo
Lisa-Dorah Sonnet;Unknown;No Time to Die;https://static.wikia.nocookie.net/jamesbond/images/1/11/Lisa-Dorah_Sonnet.jpeg;Lisa-Dorah Sonnet
Coline Defaud;Unknown;No Time to Die;https://static.wikia.nocookie.net/jamesbond/images/7/74/44925.jpg;Coline Defaud
Hugh Dennis;Unknown;No Time to Die;https://static.wikia.nocookie.net/jamesbond/images/c/c5/HughDennis.jpeg;Hugh Dennis
Priyanga Burford;Unknown;No Time to Die;;
Amy Morgan;Unknown;No Time to Die;;
Lizzie Winkler;Unknown;No Time to Die;;
Brigitte Miller;Unknown;No Time to Die;;
Hayden Phillips;Unknown;No Time to Die;;
James Bond;Roger Moore;Octopussy;https://static.wikia.nocookie.net/jamesbond/images/d/de/James_Bond_%28Roger_Moore%29_-_Profile.jpg;James Bond (Roger Moore)
Octopussy;Maud Adams;Octopussy;https://static.wikia.nocookie.net/jamesbond/images/8/84/Octopussy_%28Maud_Adams%29_-_Profile.png;Octopussy (Maud Adams)
Kamal Khan;Louis Jourdan;Octopussy;https://static.wikia.nocookie.net/jamesbond/images/2/26/Kamal_Khan_%28Louis_Jourdan%29_-_Profile.jpg;Kamal Khan
Magda;Kristina Wayborn;Octopussy;https://static.wikia.nocookie.net/jamesbond/images/9/9a/Magda_-_Profile.png;Magda
General Orlov;Steven Berkoff;Octopussy;https://static.wikia.nocookie.net/jamesbond/images/1/16/General_Orlov_-_Profile.png;General Orlov
Gobinda;Kabir Bedi;Octopussy;https://static.wikia.nocookie.net/jamesbond/images/e/eb/Gobinda_-_Profile.png;Gobinda
Q;Desmond Llewelyn;Octopussy;https://static.wikia.nocookie.net/jamesbond/images/4/49/Q_%28Desmond_Llewelyn%29_-_Profile.png;Q (Desmond Llewelyn)
Vijay;Vijay Amritraj;Octopussy;https://static.wikia.nocookie.net/jamesbond/images/1/1e/Vijay_%28Vijay_Amritraj%29_-_Profile.jpg;Vijay
M;Robert Brown;Octopussy;https://static.wikia.nocookie.net/jamesbond/images/f/fe/M_%28Octopussy%29_-_Profile.png;M (Robert Brown)
General Gogol;Walter Gotell;Octopussy;https://static.wikia.nocookie.net/jamesbond/images/a/a8/General_Gogol_%28Walter_Gotell%29_-_Profile.jpg;General Gogol
Sir Fredrick Gray;Geoffrey Keen;Octopussy;https://static.wikia.nocookie.net/jamesbond/images/e/e6/Fredrick_Gray_%28The_Spy_Who_Loved_Me%29_-_Profile.png;Sir Fredrick Gray
Miss Moneypenny;Lois Maxwell;Octopussy;https://static.wikia.nocookie.net/jamesbond/images/1/1d/Moneypenny_-_Lois_Maxwell_-_Profile.png;Miss Moneypenny (Lois Maxwell)
Penelope Smallbone;Michaela Clavell;Octopussy;https://static.wikia.nocookie.net/jamesbond/images/e/ed/Penelope_Smallbone_%28Michaela_Clavell%29_-_Profile.jpg;Penelope Smallbone
Colonel Luis Toro;Ken Norris;Octopussy;;
Mischka;David Meyer;Octopussy;https://static.wikia.nocookie.net/jamesbond/images/c/ca/Mischka.png;Mischka
Grischka;Anthony Meyer;Octopussy;https://static.wikia.nocookie.net/jamesbond/images/4/4b/Grischka_-_Profile.png;Grischka
Sadruddin;Albert Moses;Octopussy;https://static.wikia.nocookie.net/jamesbond/images/2/2f/Sadruddin_-_Profile.png;Sadruddin
Leonid Brezhnev;Paul Hardwick;Octopussy;https://static.wikia.nocookie.net/jamesbond/images/8/8b/Leonid_Brezhnev_%28Paul_Hardwick%29_-_Profile.png;Leonid Brezhnev
Jim Fanning;Douglas Wilmer;Octopussy;https://static.wikia.nocookie.net/jamesbond/images/c/c6/Jim_Fanning_-_Profile.png;Jim Fanning
009;Andy Bradford;Octopussy;https://static.wikia.nocookie.net/jamesbond/images/4/4e/009_%28Andy_Bradford%29_-_Profile.jpg;009 (Octopussy)
Yo-yo thug;William Derrick;Octopussy;;
Bianca;Tina Hudson;Octopussy;https://static.wikia.nocookie.net/jamesbond/images/1/1e/Bianca_%28Tina_Hudson%29_-_Profile.png;Bianca
Lieutenant General Peterson;Bruce Boa;Octopussy;https://static.wikia.nocookie.net/jamesbond/images/9/9d/Peterson1.jpg;Lieutenant General Peterson
Smithers;Jeremy Bulloch;Octopussy;https://static.wikia.nocookie.net/jamesbond/images/9/9f/Smithers_%28Jeremy_Bulloch%29_-_Profile.jpg;Smithers
Rubelvitch;Eva Rueber-Staier;Octopussy;https://static.wikia.nocookie.net/jamesbond/images/b/b0/Screenshot_2015-06-20_19.14.00.png;Rubelvitch
Major Clive;Stuart Saunders;Octopussy;https://static.wikia.nocookie.net/jamesbond/images/3/39/Major_Clive_-_Profile.png;Major Clive
Senior Lieutenant Kamp;Dermot Crowley;Octopussy;https://static.wikia.nocookie.net/jamesbond/images/b/b5/Kamp_-_Profile.png;Senior Lieutenant Kamp
Lenkin;Peter Porteous;Octopussy;https://static.wikia.nocookie.net/jamesbond/images/d/dc/Lenkin_-_Profile.png;Lenkin
James Bond;George Lazenby;On Her Majesty's Secret Service;https://static.wikia.nocookie.net/jamesbond/images/1/19/Bond_-_George_Lazenby_-_Profile.jpg;James Bond (George Lazenby)
Tracy Bond;Diana Rigg;On Her Majesty's Secret Service;https://static.wikia.nocookie.net/jamesbond/images/9/99/Tracy_Bond_%28Diana_Rigg%29_-_Profile.jpg;Tracy Bond (Diana Rigg)
Ernst Stavro Blofeld;Telly Savalas;On Her Majesty's Secret Service;https://static.wikia.nocookie.net/jamesbond/images/7/78/Blofeld_%28Telly_Savalas%29_-_Profile.png; Ernst Stavro Blofeld (Telly Savalas)
Marc-Ange Draco;Gabriele Ferzetti;On Her Majesty's Secret Service;https://static.wikia.nocookie.net/jamesbond/images/e/eb/Marc_Ange_Draco_Profile.png;Marc-Ange Draco (Gabriele Ferzetti)
Irma Bunt;Ilse Steppat;On Her Majesty's Secret Service;https://static.wikia.nocookie.net/jamesbond/images/7/70/Irma_Bunt_%28Ilse_Steppat%29_-_Profile.png;Irma Bunt (Ilse Steppat)
M;Bernard Lee;On Her Majesty's Secret Service;https://static.wikia.nocookie.net/jamesbond/images/7/7c/M_%28Bernard_Lee%29_-_Profile.jpg;M (Bernard Lee)
Ruby Bartlett;Angela Scoular;On Her Majesty's Secret Service;https://static.wikia.nocookie.net/jamesbond/images/0/0c/Ruby_Bartlett_-_Profile.png;Ruby Bartlett
Miss Moneypenny;Lois Maxwell;On Her Majesty's Secret Service;https://static.wikia.nocookie.net/jamesbond/images/1/1d/Moneypenny_-_Lois_Maxwell_-_Profile.png;Miss Moneypenny (Lois Maxwell)
Nancy;Catherine Von Schell;On Her Majesty's Secret Service;https://static.wikia.nocookie.net/jamesbond/images/5/57/Nancy_-_Profile.png;Nancy
Grunther;Yuri Borienko;On Her Majesty's Secret Service;https://static.wikia.nocookie.net/jamesbond/images/5/58/Grunther_-_Profile.png;Grunther
Sir Hilary Bray;George Baker;On Her Majesty's Secret Service;;
Shaun Campbell;Bernard Horsfall;On Her Majesty's Secret Service;https://static.wikia.nocookie.net/jamesbond/images/c/ca/Sean_Campbell_-_Profile.png;Shaun Campbell (Bernard Horsfall)
Q;Desmond Llewelyn;On Her Majesty's Secret Service;https://static.wikia.nocookie.net/jamesbond/images/4/49/Q_%28Desmond_Llewelyn%29_-_Profile.png;Q (Desmond Llewelyn)
Olympe;Virginia North;On Her Majesty's Secret Service;https://static.wikia.nocookie.net/jamesbond/images/2/2c/Olympe.png;Olympe
James Bond;Daniel Craig;Quantum of Solace;https://static.wikia.nocookie.net/jamesbond/images/8/81/James_Bond_%28Daniel_Craig%29_-_Profile.jpg;James Bond (Daniel Craig)
Dominic Greene;Mathieu Amalric;Quantum of Solace;https://static.wikia.nocookie.net/jamesbond/images/1/16/Profile_-_Dominic_Greene.png;Dominic Greene
Camille Montes;Olga Kurylenko;Quantum of Solace;https://static.wikia.nocookie.net/jamesbond/images/f/f2/Camille_Montes_%28Olga_Kurylenko%29_-_Profile.jpg;Camille Montes
Strawberry Fields;Gemma Arterton;Quantum of Solace;https://static.wikia.nocookie.net/jamesbond/images/5/56/Strawberry_Fields_%28Gemma_Arterton%29_-_Profile.jpg;Strawberry Fields
M;Judi Dench;Quantum of Solace;https://static.wikia.nocookie.net/jamesbond/images/5/5b/M_%28Casino_Royale%29_-_Profile.png;M (Judi Dench)
René Mathis;Giancarlo Giannini;Quantum of Solace;https://static.wikia.nocookie.net/jamesbond/images/f/fc/Ren%C3%A9_Mathis_%28Giancarlo_Giannini%29_-_Profile.png;René Mathis (Giancarlo Giannini)
Felix Leiter;Jeffrey Wright;Quantum of Solace;https://static.wikia.nocookie.net/jamesbond/images/0/03/Felix_Leiter_%28Jeffrey_Wright%29_-_Profile.png;Felix Leiter (Jeffrey Wright)
Mr. White;Jesper Christensen;Quantum of Solace;https://static.wikia.nocookie.net/jamesbond/images/e/ec/Mr._White_-_Profile.png;Mr. White
General Medrano;Joaquin Cosio;Quantum of Solace;https://static.wikia.nocookie.net/jamesbond/images/8/8b/General_Medrano_%28Joaquin_Cosio%29_-_Profile.jpg;General Medrano
Elvis;Anatole Taubman;Quantum of Solace;https://static.wikia.nocookie.net/jamesbond/images/4/40/Elvis_-_Profile.png;Elvis
Bill Tanner;Rory Kinnear;Quantum of Solace;https://static.wikia.nocookie.net/jamesbond/images/b/bf/Bill_Tanner_%28Quantum_of_Solace%29_-_Profile.jpg;Bill Tanner (Rory Kinnear)
Craig Mitchell;Glenn Foster;Quantum of Solace;https://static.wikia.nocookie.net/jamesbond/images/0/03/Craig_Mitchell_%28Glenn_Foster%29_-_Profile.png;Craig Mitchell
Gregg Beam;David Harbour;Quantum of Solace;https://static.wikia.nocookie.net/jamesbond/images/0/03/Gregg_Beam_-_Profile.png;Gregg Beam
Yusef Kabira;Simon Kassianides;Quantum of Solace;https://static.wikia.nocookie.net/jamesbond/images/f/f3/Yusef.png;Yusef Kabira
Guy Haines;Paul Ritter;Quantum of Solace;https://static.wikia.nocookie.net/jamesbond/images/3/31/Guy_Haines_-_Profile.png;Guy Haines
Colonel Carlos;Fernando Guillen Cuervo;Quantum of Solace;;
Gemma;Lucrezia Lante della Rovere;Quantum of Solace;https://static.wikia.nocookie.net/jamesbond/images/8/88/Gemma.png;Gemma
Greene's Driver;Carl von Malaisé;Quantum of Solace;https://static.wikia.nocookie.net/jamesbond/images/f/f0/Greene%27s_Driver_-_Profile.png;Greene's Driver
M's bodyguard;Mark Wakeling;Quantum of Solace;;
Lieutenant Orso;Jesús Ochoa;Quantum of Solace;https://static.wikia.nocookie.net/jamesbond/images/3/30/Orso.png;Lieutenant Orso
Gregor Karakov;Kamil Krejcí;Quantum of Solace;https://static.wikia.nocookie.net/jamesbond/images/6/68/Gregor_Karakov_-_Profile.png;Gregor Karakov
Moishe Soref;Erosi Margiani;Quantum of Solace;https://static.wikia.nocookie.net/jamesbond/images/8/89/Soref-0.png;Moishe Soref
Marchetti Pilot;Antonio Gil;Quantum of Solace;https://static.wikia.nocookie.net/jamesbond/images/3/34/Marchetti_Pilot_-_Profile.png;Marchetti Pilot
Edmund Slate;Neil Jackson;Quantum of Solace;https://static.wikia.nocookie.net/jamesbond/images/0/0c/Edmund_Slate_%28Neil_Jackson%29_-_Profile.jpg;Edmund Slate
Corinne Veneau;Stana Katic;Quantum of Solace;;
Haines' Bodyguard;Derek Lea;Quantum of Solace;https://static.wikia.nocookie.net/jamesbond/images/0/00/Haines%27_bodyguard_-_Profile.png;Haines' Bodyguard
Eva Green;Unknown;Quantum of Solace;https://static.wikia.nocookie.net/jamesbond/images/7/78/Eva_Green.jpg;Eva Green
James Bond;Daniel Craig;Skyfall;https://static.wikia.nocookie.net/jamesbond/images/8/81/James_Bond_%28Daniel_Craig%29_-_Profile.jpg;James Bond (Daniel Craig)
M;Judi Dench;Skyfall;https://static.wikia.nocookie.net/jamesbond/images/5/5b/M_%28Casino_Royale%29_-_Profile.png;M (Judi Dench)
Raoul Silva;Javier Bardem;Skyfall;https://static.wikia.nocookie.net/jamesbond/images/1/1b/Raoul_Silva_-_Profile.png;Raoul Silva
Gareth Mallory;Ralph Fiennes;Skyfall;;
Eve Moneypenny;Naomie Harris;Skyfall;https://static.wikia.nocookie.net/jamesbond/images/9/96/Eve_Moneypenny_%28Naomie_Harris%29_-_Profile.jpg;Eve Moneypenny (Naomie Harris)
Sévérine;Berenice Marlohe;Skyfall;https://static.wikia.nocookie.net/jamesbond/images/3/35/S%C3%A9v%C3%A9rine_%28Berenice_Marlohe%29_-_Profile.jpg;Sévérine
Kincade;Albert Finney;Skyfall;https://static.wikia.nocookie.net/jamesbond/images/e/e0/Kincade_%28Albert_Finney%29_-_Profile.jpg;Kincade
Q;Ben Whishaw;Skyfall;https://static.wikia.nocookie.net/jamesbond/images/4/42/Q_%28Ben_Whishaw%29_-_Profile.jpg;Q (Ben Whishaw)
Bill Tanner;Rory Kinnear;Skyfall;https://static.wikia.nocookie.net/jamesbond/images/b/bf/Bill_Tanner_%28Quantum_of_Solace%29_-_Profile.jpg;Bill Tanner (Rory Kinnear)
Patrice;Ola Rapace;Skyfall;https://static.wikia.nocookie.net/jamesbond/images/f/fb/Patrice_%28Ola_Rapace%29_-_Profile.jpg;Patrice (Ola Rapace)
Clair Dowar;Helen McCrory;Skyfall;https://static.wikia.nocookie.net/jamesbond/images/4/4c/Clair_Dowar_-_Profile.png;Clair Dowar
Bond’s Lover;Tonia Sotiropoulou;Skyfall;;
Ronson;Bill Buckhurst;Skyfall;https://static.wikia.nocookie.net/jamesbond/images/3/3d/Ronson.png;Ronson
Doctor Hall;Nicholas Woodeson;Skyfall;https://static.wikia.nocookie.net/jamesbond/images/0/09/Doctor_Hall.png;Doctor Hall
Vanessa;Elize du Toit;Skyfall;https://static.wikia.nocookie.net/jamesbond/images/a/a0/Vanessa.png;Vanessa
Boat Captain;Milorad Kapor;Skyfall;https://static.wikia.nocookie.net/jamesbond/images/3/3b/Unnamed-1.png;Boat Captain
Steve Benelisha;Paul Davis;Skyfall;https://static.wikia.nocookie.net/jamesbond/images/c/cb/Steve_Benelisha.png;Steve Benelisha
Ben Daheer;Unknown;Skyfall;https://static.wikia.nocookie.net/jamesbond/images/a/a7/Ben_Daheer.png;Ben Daheer
Andrew Surry;Unknown;Skyfall;https://static.wikia.nocookie.net/jamesbond/images/2/24/Andrew_Surry.png;Andrew Surry
Naz Husein;Unknown;Skyfall;https://static.wikia.nocookie.net/jamesbond/images/e/e1/Naz_Husein.png;Naz Husein
Paul Inglis;Unknown;Skyfall;https://static.wikia.nocookie.net/jamesbond/images/b/b1/Paul_Inglis.png;Paul Inglis
James Bond;Daniel Craig;Spectre;https://static.wikia.nocookie.net/jamesbond/images/8/81/James_Bond_%28Daniel_Craig%29_-_Profile.jpg;James Bond (Daniel Craig)
Ernst Stavro Blofeld;Christoph Waltz;Spectre;https://static.wikia.nocookie.net/jamesbond/images/4/42/Blofeld_%28Christoph_Waltz%29_-_Profile.png;Ernst Stavro Blofeld (Christoph Waltz)
Dr. Madeleine Swann;Léa Seydoux;Spectre;;
M;Ralph Fiennes;Spectre;https://static.wikia.nocookie.net/jamesbond/images/6/65/Gareth_Mallory_%28Ralph_Fiennes%29_-_Profile.jpg;M (Ralph Fiennes)
Lucia Sciarra;Monica Bellucci;Spectre;https://static.wikia.nocookie.net/jamesbond/images/c/c5/Lucia_Sciarra.png;Lucia Sciarra
Q;Ben Whishaw;Spectre;https://static.wikia.nocookie.net/jamesbond/images/4/42/Q_%28Ben_Whishaw%29_-_Profile.jpg;Q (Ben Whishaw)
Eve Moneypenny;Naomie Harris;Spectre;https://static.wikia.nocookie.net/jamesbond/images/9/96/Eve_Moneypenny_%28Naomie_Harris%29_-_Profile.jpg;Eve Moneypenny (Naomie Harris)
Mr. Hinx;David Bautista;Spectre;https://static.wikia.nocookie.net/jamesbond/images/d/d8/Mr_Hinx_-_Profile_%282%29.png;Mr. Hinx
Max Denbigh;Andrew Scott;Spectre;https://static.wikia.nocookie.net/jamesbond/images/1/16/Max_Denbigh_-_Profile.png;Max Denbigh
Bill Tanner;Rory Kinnear;Spectre;https://static.wikia.nocookie.net/jamesbond/images/b/bf/Bill_Tanner_%28Quantum_of_Solace%29_-_Profile.jpg;Bill Tanner (Rory Kinnear)
Mr. White;Jesper Christensen;Spectre;https://static.wikia.nocookie.net/jamesbond/images/e/ec/Mr._White_-_Profile.png;Mr. White
Estrella;Stephanie Sigman;Spectre;https://static.wikia.nocookie.net/jamesbond/images/d/da/Estrella_%28Stephanie_Sigman%29_-_Profile.png;Estrella (Stephanie Sigman)
Marco Sciarra;Alessandro Cremona;Spectre;https://static.wikia.nocookie.net/jamesbond/images/d/db/Marco_Sciarra_-_Profile.png;Marco Sciarra (Alessandro Cremona)
Gallo;Domenico Fortunato;Spectre;https://static.wikia.nocookie.net/jamesbond/images/e/e8/Galo.png;Gallo
Blofeld's Right-Hand Man;Gediminas Adomaitis;Spectre;https://static.wikia.nocookie.net/jamesbond/images/6/69/Blofeld%27s_right-hand_man_-_Profile.png;Blofeld's Right-Hand Man
Lorenzo;Peppe Lanzetta;Spectre;https://static.wikia.nocookie.net/jamesbond/images/e/ec/Lorenzo_-_Profile.png;Lorenzo
Marco;Matteo Taranto;Spectre;https://static.wikia.nocookie.net/jamesbond/images/6/6c/12244049_1077135802326458_76544927_n.jpg;Marco
Francesco;Francesco Arca;Spectre;https://static.wikia.nocookie.net/jamesbond/images/f/fc/Francesco_%282%29.png;Francesco (Francesco Arca)
Moreau;Marc Zinga;Spectre;https://static.wikia.nocookie.net/jamesbond/images/4/44/Moreau-1.png;Moreau
Dr. Vogel;Brigitte Millar;Spectre;https://static.wikia.nocookie.net/jamesbond/images/4/41/Vogel.png;Dr. Vogel
Abrika;Adel Bencherif;Spectre;https://static.wikia.nocookie.net/jamesbond/images/e/e6/Abrika_%282%29-0.png;Abrika
Guerra;Benito Sagredo;Spectre;https://static.wikia.nocookie.net/jamesbond/images/7/76/Guerra_-_Profile.png;Guerra
Marshall;Erick Hayden;Spectre;https://static.wikia.nocookie.net/jamesbond/images/a/af/Marshall_%282%29-0.png;Marshall (Erick Hayden)
Valerian;Oleg Mirochnikov;Spectre;https://static.wikia.nocookie.net/jamesbond/images/6/65/Valerian_%282%29-0.png;Valerian
James Bond;Timothy Dalton;The Living Daylights;https://static.wikia.nocookie.net/jamesbond/images/5/59/James_Bond_%28Timothy_Dalton%29_-_Profile.jpg;James Bond (Timothy Dalton)
Kara Milovy;Maryam d'Abo;The Living Daylights;https://static.wikia.nocookie.net/jamesbond/images/1/18/Kara_Milovy_%28Maryam_d%27Abo%29_-_Profile.png;Kara Milovy
General Georgi Koskov;Jeroen Krabbé;The Living Daylights;https://static.wikia.nocookie.net/jamesbond/images/a/a8/General_Gogol_%28Walter_Gotell%29_-_Profile.jpg;General Georgi Koskov
Brad Whitaker;Joe Don Baker;The Living Daylights;https://static.wikia.nocookie.net/jamesbond/images/0/0f/Brad_Whitaker_%28Joe_Don_Baker%29_-_Profile.png;Brad Whitaker
Necros;Andreas Wisniewski;The Living Daylights;https://static.wikia.nocookie.net/jamesbond/images/3/30/Necros_%28Andreas_Wisniewski%29_-_Profile.jpg;Necros
General Leonid Pushkin;John Rhys-Davies;The Living Daylights;;
Kamran Shah;Art Malik;The Living Daylights;https://static.wikia.nocookie.net/jamesbond/images/c/ce/Kamran_Shah_%28Art_Malik%29_-_Profile.jpg;Kamran Shah
Q;Desmond Llewelyn;The Living Daylights;https://static.wikia.nocookie.net/jamesbond/images/4/49/Q_%28Desmond_Llewelyn%29_-_Profile.png;Q (Desmond Llewelyn)
M;Robert Brown;The Living Daylights;https://static.wikia.nocookie.net/jamesbond/images/f/fe/M_%28Octopussy%29_-_Profile.png;M (Robert Brown)
Saunders;Thomas Wheatley;The Living Daylights;https://static.wikia.nocookie.net/jamesbond/images/4/4a/Saunders_%28Thomas_Wheatley%29_-_Profile.jpg;Saunders
Imposter 00;Carl Rigg;The Living Daylights;https://static.wikia.nocookie.net/jamesbond/images/6/6a/Imposter.png;Imposter 00
General Gogol;Walter Gotell;The Living Daylights;https://static.wikia.nocookie.net/jamesbond/images/a/a8/General_Gogol_%28Walter_Gotell%29_-_Profile.jpg;General Gogol
Miss Moneypenny;Caroline Bliss;The Living Daylights;https://static.wikia.nocookie.net/jamesbond/images/b/b3/Moneypenny_-_Caroline_Bliss_-_Profile.png;Miss Moneypenny (Caroline Bliss)
Sir Fredrick Gray;Geoffrey Keen;The Living Daylights;https://static.wikia.nocookie.net/jamesbond/images/e/e6/Fredrick_Gray_%28The_Spy_Who_Loved_Me%29_-_Profile.png;Sir Fredrick Gray
Colonel Feyador;John Bowe;The Living Daylights;https://static.wikia.nocookie.net/jamesbond/images/c/c9/Colonel_Feyador_-_Profile.png;Colonel Feyador
Rubavitch;Virginia Hey;The Living Daylights;https://static.wikia.nocookie.net/jamesbond/images/0/03/Rubavitch_%28Virginia_Hey%29_-_Profile.png;Rubavitch
Felix Leiter;John Terry;The Living Daylights;https://static.wikia.nocookie.net/jamesbond/images/e/ec/Leiter_%28John_Terry%29_Profile.png;Felix Leiter (John Terry)
Green Four;Bill Weston;The Living Daylights;https://static.wikia.nocookie.net/jamesbond/images/6/6d/Green_Four_%28Bill_Weston%29_-_Profile.png;Green Four
004;Frederick Warder;The Living Daylights;https://static.wikia.nocookie.net/jamesbond/images/4/40/004_%28The_Living_Daylights%29_-_Profile.png;004 (The Living Daylights)
002;Glyn Baker;The Living Daylights;https://static.wikia.nocookie.net/jamesbond/images/a/a7/002_%28The_Living_Daylights%29_-_Profile.png;002 (The Living Daylights)
Rosika Miklos;Julie T. Wallace;The Living Daylights;https://static.wikia.nocookie.net/jamesbond/images/e/ec/Rosika_Miklos_-_Profile.png;Rosika Miklos
Sergeant Stagg;Derek Hoxby;The Living Daylights;https://static.wikia.nocookie.net/jamesbond/images/7/7e/Sergeant_Stagg_-_Profile.png;Sergeant Stagg
Liz;Catherine Rabett;The Living Daylights;https://static.wikia.nocookie.net/jamesbond/images/b/be/Liz_%28Catherine_Rabett%29_-_Profile.png;Liz
Ava;Dulice Liecier;The Living Daylights;https://static.wikia.nocookie.net/jamesbond/images/2/2d/Ava_%28Dulice_Liecier%29_-_Profile.png;Ava
Linda;Kell Tyler;The Living Daylights;https://static.wikia.nocookie.net/jamesbond/images/6/61/Linda_-_Profile.png;Linda
Achmed;Atik Mohamed;The Living Daylights;https://static.wikia.nocookie.net/jamesbond/images/3/3e/Achmed_-_Profile.png;Achmed
James Bond;Roger Moore;The Man with the Golden Gun;https://static.wikia.nocookie.net/jamesbond/images/d/de/James_Bond_%28Roger_Moore%29_-_Profile.jpg;James Bond (Roger Moore)
Francisco Scaramanga;Christopher Lee;The Man with the Golden Gun;https://static.wikia.nocookie.net/jamesbond/images/b/b9/Francisco_Scaramanga_%28Christopher_Lee%29_-_Profile.png;Francisco Scaramanga (Christopher Lee)
Mary Goodnight;Britt Ekland;The Man with the Golden Gun;https://static.wikia.nocookie.net/jamesbond/images/c/c4/Mary_Goodnight_%28Britt_Ekland%29_-_Profile.jpg;Mary Goodnight (Britt Ekland)
Andrea Anders;Maud Adams;The Man with the Golden Gun;https://static.wikia.nocookie.net/jamesbond/images/5/58/Andrea_Anders_%28Maud_Adams%29_-_Profile.jpg;Andrea Anders
Nick Nack;Hervé Villechaize;The Man with the Golden Gun;https://static.wikia.nocookie.net/jamesbond/images/4/42/Nick_Nack_%28Herv%C3%A9_Villechaize%29_-_Profile.jpg;Nick Nack (Hervé Villechaize)
Sheriff J.W. Pepper;Clifton James;The Man with the Golden Gun;https://static.wikia.nocookie.net/jamesbond/images/c/cd/J.W._Pepper_%28The_Man_With_The_Golden_Gun%29_-_Profile.jpg;Sheriff J.W. Pepper
Hai Fat;Richard Loo;The Man with the Golden Gun;https://static.wikia.nocookie.net/jamesbond/images/b/b8/Hai_Fat_%28Richard_Loo%29_-_Profile.jpg;Hai Fat
Lieutenant Hip;Soon-Tek Oh;The Man with the Golden Gun;;
Rodney;Marc Lawrence;The Man with the Golden Gun;https://static.wikia.nocookie.net/jamesbond/images/0/04/Rodney_%28Marc_Lawrence%29_-_Profile.jpg;Rodney
M;Bernard Lee;The Man with the Golden Gun;https://static.wikia.nocookie.net/jamesbond/images/7/7c/M_%28Bernard_Lee%29_-_Profile.jpg;M (Bernard Lee)
Miss Moneypenny;Lois Maxwell;The Man with the Golden Gun;https://static.wikia.nocookie.net/jamesbond/images/1/1d/Moneypenny_-_Lois_Maxwell_-_Profile.png;Miss Moneypenny (Lois Maxwell)
Lazar;Marne Maitland;The Man with the Golden Gun;https://static.wikia.nocookie.net/jamesbond/images/2/21/Lazar_%28Marne_Maitland%29_-_Profile.jpg;Lazar
Q;Desmond Llewelyn;The Man with the Golden Gun;https://static.wikia.nocookie.net/jamesbond/images/4/49/Q_%28Desmond_Llewelyn%29_-_Profile.png;Q (Desmond Llewelyn)
Colthorpe;James Cossins;The Man with the Golden Gun;https://static.wikia.nocookie.net/jamesbond/images/f/f2/Colthorpe_%28James_Cossins%29_-_Profile.jpg;Colthorpe
Chula;Chan Yiu Lam;The Man with the Golden Gun;https://static.wikia.nocookie.net/jamesbond/images/e/e1/Screenshot_2015-05-23_17.52.11.png;Chula
Maud Adams;Unknown;The Man with the Golden Gun;https://static.wikia.nocookie.net/jamesbond/images/e/e7/Maud_adams.jpg;Maud Adams
James Bond;Roger Moore;The Spy Who Loved Me;https://static.wikia.nocookie.net/jamesbond/images/d/de/James_Bond_%28Roger_Moore%29_-_Profile.jpg;James Bond (Roger Moore)
Anya Amasova;Barbara Bach;The Spy Who Loved Me;https://static.wikia.nocookie.net/jamesbond/images/6/6b/Anya_Amasova_%28Barbara_Bach%29_-_Profile.jpg;Anya Amasova
Karl Stromberg;Curt Jurgens;The Spy Who Loved Me;https://static.wikia.nocookie.net/jamesbond/images/5/58/Karl-stromberg-portrait.png;Karl Stromberg
Jaws;Richard Kiel;The Spy Who Loved Me;https://static.wikia.nocookie.net/jamesbond/images/0/06/Jaws_%28Richard_Kiel%29_-_Profile.png;Jaws (Richard Kiel)
M;Bernard Lee;The Spy Who Loved Me;https://static.wikia.nocookie.net/jamesbond/images/7/7c/M_%28Bernard_Lee%29_-_Profile.jpg;M (Bernard Lee)
General Gogol;Walter Gotell;The Spy Who Loved Me;https://static.wikia.nocookie.net/jamesbond/images/a/a8/General_Gogol_%28Walter_Gotell%29_-_Profile.jpg;General Gogol
Naomi;Caroline Munro;The Spy Who Loved Me;https://static.wikia.nocookie.net/jamesbond/images/3/37/Naomi-Caroline_Munro.jpg;Naomi
Sir Fredrick Gray;Geoffrey Keen;The Spy Who Loved Me;https://static.wikia.nocookie.net/jamesbond/images/e/e6/Fredrick_Gray_%28The_Spy_Who_Loved_Me%29_-_Profile.png;Sir Fredrick Gray
Sergei Barsov;Michael Billington;The Spy Who Loved Me;https://static.wikia.nocookie.net/jamesbond/images/f/f0/Sergei_Barsov_%28Michael_Billington%29_-_Profile.jpg;Sergei Barsov
Q;Desmond Llewelyn;The Spy Who Loved Me;https://static.wikia.nocookie.net/jamesbond/images/4/49/Q_%28Desmond_Llewelyn%29_-_Profile.png;Q (Desmond Llewelyn)
Miss Moneypenny;Lois Maxwell;The Spy Who Loved Me;https://static.wikia.nocookie.net/jamesbond/images/1/1d/Moneypenny_-_Lois_Maxwell_-_Profile.png;Miss Moneypenny (Lois Maxwell)
Liparus captain;Sydney Tafler;The Spy Who Loved Me;;
Professor Markovitz;Milo Sperber;The Spy Who Loved Me;https://static.wikia.nocookie.net/jamesbond/images/c/c8/Markovitz.jpg;Professor Markovitz
Dr. Bechmann;Cyril Shaps;The Spy Who Loved Me;https://static.wikia.nocookie.net/jamesbond/images/6/69/15701-18057.jpg;Dr. Bechmann
Felicca;Olga Bisera;The Spy Who Loved Me;https://static.wikia.nocookie.net/jamesbond/images/7/79/Felicca_%28Olga_Bisera%29_-_Profile.jpg;Felicca
Sandor;Milton Reid;The Spy Who Loved Me;https://static.wikia.nocookie.net/jamesbond/images/6/64/Sandor_%28Milton_Reid%29_-_Profile.jpg;Sandor
Commander Carter;Shane Rimmer;The Spy Who Loved Me;https://static.wikia.nocookie.net/jamesbond/images/3/35/Screenshot_2015-06-20_17.11.37.png;Commander Carter
Commander Talbot;Bryan Marshall;The Spy Who Loved Me;https://static.wikia.nocookie.net/jamesbond/images/1/1a/Commander_Talbot_-_Profile.png;Commander Talbot
Max Kalba;Vernon Dobtcheff;The Spy Who Loved Me;https://static.wikia.nocookie.net/jamesbond/images/d/d9/Screenshot_2015-06-20_18.47.15.png;Max Kalba
Aziz Fekkesh;Nadim Sawalha;The Spy Who Loved Me;https://static.wikia.nocookie.net/jamesbond/images/9/9f/Aziz_Fekkesh_%28Nadim_Sawalha%29_-_Profile.jpg;Aziz Fekkesh
Martine Blanchaud;Sue Vanner;The Spy Who Loved Me;https://static.wikia.nocookie.net/jamesbond/images/3/31/Martine_Blanchaud_%28Sue_Vanner%29_-_Profile.png;Martine Blanchaud (Sue Vanner)
Sheikh Hosein;Edward de Souza;The Spy Who Loved Me;https://static.wikia.nocookie.net/jamesbond/images/3/35/Sheikh_Hosein_-_Profile.png;Sheikh Hosein
Captain Benson;George Baker;The Spy Who Loved Me;https://static.wikia.nocookie.net/jamesbond/images/c/c7/Screenshot_2015-06-20_19.24.58.png;Captain Benson
Rubelvitch;Eva Rueber-Staier;The Spy Who Loved Me;https://static.wikia.nocookie.net/jamesbond/images/b/b0/Screenshot_2015-06-20_19.14.00.png;Rubelvitch
Robert Brown;Unknown;The Spy Who Loved Me;https://static.wikia.nocookie.net/jamesbond/images/9/9a/RobertBrown.jpeg;Robert Brown
Timothy Dalton;Unknown;The Spy Who Loved Me;https://static.wikia.nocookie.net/jamesbond/images/d/d8/TimothyDalton.png;Timothy Dalton
James Bond;Pierce Brosnan;The World Is Not Enough;https://static.wikia.nocookie.net/jamesbond/images/d/dc/James_Bond_%28Pierce_Brosnan%29_-_Profile.jpg;James Bond (Pierce Brosnan)
Elektra King;Sophie Marceau;The World Is Not Enough;https://static.wikia.nocookie.net/jamesbond/images/d/d9/Elektra_King_%28Sophie_Marceau%29_-_Profile.jpg;Elektra King
Renard;Robert Carlyle;The World Is Not Enough;https://static.wikia.nocookie.net/jamesbond/images/c/c2/Profile_-_Renard.png;Renard
Dr. Christmas Jones;Denise Richards;The World Is Not Enough;;
Valentin Zukovsky;Robbie Coltrane;The World Is Not Enough;https://static.wikia.nocookie.net/jamesbond/images/6/69/Valentin_Zukovsky_-_Profile_%282%29.jpg;Valentin Zukovsky (Robbie Coltrane)
M;Judi Dench;The World Is Not Enough;https://static.wikia.nocookie.net/jamesbond/images/5/5b/M_%28Casino_Royale%29_-_Profile.png;M (Judi Dench)
Q;Desmond Llewelyn;The World Is Not Enough;https://static.wikia.nocookie.net/jamesbond/images/4/49/Q_%28Desmond_Llewelyn%29_-_Profile.png;Q (Desmond Llewelyn)
R;John Cleese;The World Is Not Enough;;
Cigar Girl;Maria Grazia Cucinotta;The World Is Not Enough;;
Miss Moneypenny;Samantha Bond;The World Is Not Enough;https://static.wikia.nocookie.net/jamesbond/images/0/0a/Miss_Moneypenny_%28Samantha_Bond%29_-_Profile.png;Miss Moneypenny (Samantha Bond)
Bill Tanner;Michael Kitchen;The World Is Not Enough;https://static.wikia.nocookie.net/jamesbond/images/5/51/Bill_Tanner_%28Michael_Kitchen%29_-_Profile.jpg;Bill Tanner (Michael Kitchen)
Charles Robinson;Colin Salmon;The World Is Not Enough;https://static.wikia.nocookie.net/jamesbond/images/4/4c/Charles_Robinson_-_Profile.png;Charles Robinson
Molly Warmflash;Serena Scott Thomas;The World Is Not Enough;https://static.wikia.nocookie.net/jamesbond/images/3/38/Molly_Warmflash_-_Profile.png;Molly Warmflash
Sasha Davidov;Ulrich Thomsen;The World Is Not Enough;https://static.wikia.nocookie.net/jamesbond/images/3/34/Sasha_Davidov_-_Profile.png;Sasha Davidov
Mister Bullion;Goldie;The World Is Not Enough;https://static.wikia.nocookie.net/jamesbond/images/4/4a/Mister_Bullion_%28Goldie%29_-_Profile.jpg;Mister Bullion
Gabor;John Seru;The World Is Not Enough;https://static.wikia.nocookie.net/jamesbond/images/f/f2/Gabor_%28John_Seru%29_-_Profile.jpg;Gabor
Colonel Akakievich;Claude-Oliver Rudolph;The World Is Not Enough;https://static.wikia.nocookie.net/jamesbond/images/0/03/Akakievich_%28C._Rudolph%29_-_Profile.jpg;Colonel Akakievich
Desmond Llewelyn;Unknown;The World Is Not Enough;https://static.wikia.nocookie.net/jamesbond/images/b/bf/Desmond_Llewelyn.jpg;Desmond Llewelyn
James Bond;Sean Connery;Thunderball;https://static.wikia.nocookie.net/jamesbond/images/b/b2/James_Bond_%28Sean_Connery%29_-_Profile.jpg;James Bond (Sean Connery)
Emilio Largo;Adolfo Celi;Thunderball;https://static.wikia.nocookie.net/jamesbond/images/7/78/Emilio_Largo_%28Adolfo_Celi%29_-_Profile.jpg;Emilio Largo (Adolfo Celi)
Domino Derval;Claudine Auger;Thunderball;https://static.wikia.nocookie.net/jamesbond/images/8/82/Domino_Derval_-_Profile.png;Domino Derval
Fiona Volpe;Luciana Paluzzi;Thunderball;https://static.wikia.nocookie.net/jamesbond/images/2/22/Fiona_Volpe_%28Luciana_Paluzzi%29_-_Profile.jpg;Fiona Volpe (Luciana Paluzzi)
M;Bernard Lee;Thunderball;https://static.wikia.nocookie.net/jamesbond/images/7/7c/M_%28Bernard_Lee%29_-_Profile.jpg;M (Bernard Lee)
Miss Moneypenny;Lois Maxwell;Thunderball;https://static.wikia.nocookie.net/jamesbond/images/1/1d/Moneypenny_-_Lois_Maxwell_-_Profile.png;Miss Moneypenny (Lois Maxwell)
Q;Desmond Llewelyn;Thunderball;https://static.wikia.nocookie.net/jamesbond/images/4/49/Q_%28Desmond_Llewelyn%29_-_Profile.png;Q (Desmond Llewelyn)
Count Lippe;Guy Doleman;Thunderball;https://static.wikia.nocookie.net/jamesbond/images/f/f1/Count_Lippe_%28Guy_Doleman%29_-_Profile.jpg;Count Lippe (Guy Doleman)
Felix Leiter;Rik Van Nutter;Thunderball;https://static.wikia.nocookie.net/jamesbond/images/d/d9/Leiter_%28Van_Nutter%29_Profile.png;Felix Leiter (Rik Van Nutter)
Jacques Bouvar;Bob Simmons;Thunderball;https://static.wikia.nocookie.net/jamesbond/images/b/b9/Jacques_Bouvar_%28Bob_Simmons%29_-_Profile.jpg;Jacques Bouvar
Angelo Palazzi;Paul Stassino;Thunderball;https://static.wikia.nocookie.net/jamesbond/images/5/5a/Angelo_Palazzi_-_Profile.jpg;Angelo Palazzi
François Derval;Paul Stassino);Thunderball;;
Paula Caplan;Martine Beswick;Thunderball;https://static.wikia.nocookie.net/jamesbond/images/6/6b/Paula_Profile.png;Paula Caplan
Patricia Fearing;Molly Peters;Thunderball;https://static.wikia.nocookie.net/jamesbond/images/5/52/PatriciaFearing.jpeg;Patricia Fearing (Molly Peters)
Pinder;Earl Cameron;Thunderball;https://static.wikia.nocookie.net/jamesbond/images/0/09/Pinder_%28Earl_Cameron%29_-_Profile.jpg;Pinder
Vargas;Philip Locke;Thunderball;;
Quist;Bill Cummings;Thunderball;https://static.wikia.nocookie.net/jamesbond/images/e/e4/Quist_-_Profile.png;Quist
Ladislav Kutze;George Pravda;Thunderball;https://static.wikia.nocookie.net/jamesbond/images/f/f8/Ladislav_Kutze_-_Profile.png;Ladislav Kutze
James Bond;Pierce Brosnan;Tomorrow Never Dies;https://static.wikia.nocookie.net/jamesbond/images/d/dc/James_Bond_%28Pierce_Brosnan%29_-_Profile.jpg;James Bond (Pierce Brosnan)
Elliot Carver;Jonathan Pryce;Tomorrow Never Dies;https://static.wikia.nocookie.net/jamesbond/images/4/45/Elliot_Carver_%28Jonathan_Pryce%29_-_Profile.jpg;Elliot Carver
Wai Lin;Michelle Yeoh;Tomorrow Never Dies;https://static.wikia.nocookie.net/jamesbond/images/0/0b/Wai_Lin_Profile.png;Wai Lin
Stamper;Götz Otto;Tomorrow Never Dies;https://static.wikia.nocookie.net/jamesbond/images/5/51/Stamper_-_Profile.png;Stamper
Paris Carver;Teri Hatcher;Tomorrow Never Dies;https://static.wikia.nocookie.net/jamesbond/images/c/ce/Paris_Carver_Profile_%282%29.png;Paris Carver
M;Judi Dench;Tomorrow Never Dies;https://static.wikia.nocookie.net/jamesbond/images/5/5b/M_%28Casino_Royale%29_-_Profile.png;M (Judi Dench)
Jack Wade;Joe Don Baker;Tomorrow Never Dies;https://static.wikia.nocookie.net/jamesbond/images/1/12/Jack_Wade_%28Joe_Don_Baker%29_-_Profile.jpg;Jack Wade
Henry Gupta;Ricky Jay;Tomorrow Never Dies;https://static.wikia.nocookie.net/jamesbond/images/7/7a/Henry_Gupta_-_Profile.png;Henry Gupta
Q;Desmond Llewelyn;Tomorrow Never Dies;https://static.wikia.nocookie.net/jamesbond/images/4/49/Q_%28Desmond_Llewelyn%29_-_Profile.png;Q (Desmond Llewelyn)
Dr. Kaufman;Vincent Schiavelli;Tomorrow Never Dies;https://static.wikia.nocookie.net/jamesbond/images/d/d4/Dr._Kaufman_-_Profile.png;Dr. Kaufman
Admiral Roebuck;Geoffrey Palmer;Tomorrow Never Dies;https://static.wikia.nocookie.net/jamesbond/images/4/4d/Admiral_Roebuck_%28Geoffrey_Palmer%29_-_Profile.png;Admiral Roebuck
Charles Robinson;Colin Salmon;Tomorrow Never Dies;https://static.wikia.nocookie.net/jamesbond/images/4/4c/Charles_Robinson_-_Profile.png;Charles Robinson
Miss Moneypenny;Samantha Bond;Tomorrow Never Dies;https://static.wikia.nocookie.net/jamesbond/images/0/0a/Miss_Moneypenny_%28Samantha_Bond%29_-_Profile.png;Miss Moneypenny (Samantha Bond)
Minister of Defence;Julian Fellowes;Tomorrow Never Dies;https://static.wikia.nocookie.net/jamesbond/images/5/5f/Minister_of_Defence_%28Julian_Fellowes%29_-_Profile.png;Minister of Defence (Julian Fellowes)
General Chang;Philip Kwok;Tomorrow Never Dies;https://static.wikia.nocookie.net/jamesbond/images/7/7d/General_Chang_-_Profile.png;General Chang
Captain Scott;Mark Spalding;Tomorrow Never Dies;https://static.wikia.nocookie.net/jamesbond/images/0/0e/Captain_Scott_-_Profile.png;Captain Scott
Major General Bukharin;Terence Rigby;Tomorrow Never Dies;https://static.wikia.nocookie.net/jamesbond/images/a/ab/General_Bukharin.png;Major General Bukharin
Dave Greenwalt;Colin Stinton;Tomorrow Never Dies;;
Inga Bergstrom;Cecilie Thomsen;Tomorrow Never Dies;https://static.wikia.nocookie.net/jamesbond/images/4/4a/Inga1.jpg;Inga Bergstrom
Tamara Steel;Nina Young;Tomorrow Never Dies;https://static.wikia.nocookie.net/jamesbond/images/d/d3/TamaraSteel.png;Tamara Steel
Tom Wallace;Michael G. Wilson;Tomorrow Never Dies;https://static.wikia.nocookie.net/jamesbond/images/3/31/Tom_Wallace_-_Profile.png;Tom Wallace
Jeff Hobbs;Hugo Napier;Tomorrow Never Dies;https://static.wikia.nocookie.net/jamesbond/images/4/4d/Jeff_Hobbs_-_Profile.png;Jeff Hobbs
Philip Jones;Rolf Saxon;Tomorrow Never Dies;https://static.wikia.nocookie.net/jamesbond/images/b/b8/Philip_Jones_-_Profile.png;Philip Jones
Beth Davidson;Nadia Cameron-Blakey;Tomorrow Never Dies;https://static.wikia.nocookie.net/jamesbond/images/b/bc/Beth_Davidson.png;Beth Davidson
Mary Golson;Liza Ross;Tomorrow Never Dies;https://static.wikia.nocookie.net/jamesbond/images/2/24/Mary_Golson_-_Profile.png;Mary Golson
Commander Day;Christopher Bowen;Tomorrow Never Dies;https://static.wikia.nocookie.net/jamesbond/images/e/e6/Cmdr._Richard_Day.png;Commander Day
Lieutenant Commander Hume;Andrew Hawkins;Tomorrow Never Dies;;
Petty Officer Wood;Adam Barker;Tomorrow Never Dies;https://static.wikia.nocookie.net/jamesbond/images/d/df/Wood.png;Petty Officer Wood
Chief Petty Officer Tutt;Julian Rhind-Tutt;Tomorrow Never Dies;https://static.wikia.nocookie.net/jamesbond/images/2/23/J._Tutt.png;Chief Petty Officer Tutt
Lieutenant Commander;Dominic Shaun;Tomorrow Never Dies;;
Leading Seaman;Gerard Butler;Tomorrow Never Dies;;
Admiral Kelly;Michael Byrne;Tomorrow Never Dies;https://static.wikia.nocookie.net/jamesbond/images/c/cd/Admiral_Kelly.png;Admiral Kelly
Air Warfare Officer;Hugh Bonneville;Tomorrow Never Dies;;
Principal Warfare Officer;Jason Watkins;Tomorrow Never Dies;;
Firing Officer;Bruce Alexander;Tomorrow Never Dies;;
Terrorist pilot;Theo Kypri;Tomorrow Never Dies;;
Terrorist Co-Pilot;Unknown actor;Tomorrow Never Dies;https://static.wikia.nocookie.net/jamesbond/images/2/23/Albatroscopilot1.jpg;Terrorist Co-Pilot
Satoshi Isagura;Khan Bonfils;Tomorrow Never Dies;https://static.wikia.nocookie.net/jamesbond/images/f/ff/Satoshi_Isagura.png;Satoshi Isagura
James Bond;Sean Connery;You Only Live Twice;https://static.wikia.nocookie.net/jamesbond/images/b/b2/James_Bond_%28Sean_Connery%29_-_Profile.jpg;James Bond (Sean Connery)
Tiger Tanaka;Unknown;You Only Live Twice;;
Aki;Akiko Wakabayashi;You Only Live Twice;https://static.wikia.nocookie.net/jamesbond/images/7/76/Aki_-_Profile.png;Aki
Kissy Suzuki;Mie Hama;You Only Live Twice;https://static.wikia.nocookie.net/jamesbond/images/a/a2/Kissy_Suzuki_-_Profile.png;Kissy Suzuki (Mie Hama)
Ernst Stavro Blofeld;Donald Pleasence;You Only Live Twice;https://static.wikia.nocookie.net/jamesbond/images/e/ec/Blofeld_%28You_Only_Live_Twice%29_-_Profile.png;Ernst Stavro Blofeld (Donald Pleasence)
Mr. Osato;Teru Shimada;You Only Live Twice;;
Helga Brandt;Karin Dor;You Only Live Twice;https://static.wikia.nocookie.net/jamesbond/images/5/50/Helga_Brandt_-_Profile.png;Helga Brandt
Hans;Ronald Rich;You Only Live Twice;https://static.wikia.nocookie.net/jamesbond/images/0/04/Hans_%28Ronald_Rich%29_-_Profile.png;Hans (Ronald Rich)
M;Bernard Lee;You Only Live Twice;https://static.wikia.nocookie.net/jamesbond/images/7/7c/M_%28Bernard_Lee%29_-_Profile.jpg;M (Bernard Lee)
Miss Moneypenny;Lois Maxwell;You Only Live Twice;https://static.wikia.nocookie.net/jamesbond/images/1/1d/Moneypenny_-_Lois_Maxwell_-_Profile.png;Miss Moneypenny (Lois Maxwell)
Q;Desmond Llewelyn;You Only Live Twice;https://static.wikia.nocookie.net/jamesbond/images/4/49/Q_%28Desmond_Llewelyn%29_-_Profile.png;Q (Desmond Llewelyn)
Dikko Henderson;Charles Gray;You Only Live Twice;https://static.wikia.nocookie.net/jamesbond/images/8/87/Dikko_Henderson_%28Charles_Gray%29_-_Profile.png;Dikko Henderson (Charles Gray)
Ling;Tsai Chin;You Only Live Twice;https://static.wikia.nocookie.net/jamesbond/images/6/69/Ling_-_Profile.jpg;Ling
Spectre 3;Burt Kwouk;You Only Live Twice;;
Spectre 4;Unknown;You Only Live Twice;;
Ernst Stavro Blofeld;Anthony Dawson;Thunderball;https://static.wikia.nocookie.net/jamesbond/images/8/87/Blofeld_%28Dawson-Pohlmann%29_-_Profile.jpg;Ernst Stavro Blofeld (Anthony Dawson)
