title,poster_url
Dr. No (film),https://static.wikia.nocookie.net/jamesbond/images/6/62/DrNoposter.jpg/revision/latest?cb=20210429092214
From Russia with Love (film),https://static.wikia.nocookie.net/jamesbond/images/c/c5/From_Russia_With_Love_Poster.jpg/revision/latest?cb=20220424221349
Goldfinger (film),https://static.wikia.nocookie.net/jamesbond/images/a/a4/007Goldfingerposter.jpg/revision/latest?cb=20220424221221
Thunderball (film),https://static.wikia.nocookie.net/jamesbond/images/d/d8/Thunderball_-_HD_Poster.jpg/revision/latest?cb=20220424221826
You Only Live Twice (film),https://static.wikia.nocookie.net/jamesbond/images/3/31/You_Only_Live_Twice_-_HD_Poster.jpg/revision/latest?cb=20220502013638
On Her Majesty's Secret Service (film),https://static.wikia.nocookie.net/jamesbond/images/c/c0/007OHMSSposter.jpg/revision/latest?cb=20190316051709
Diamonds Are Forever (film),https://static.wikia.nocookie.net/jamesbond/images/d/d0/007DAFposter.jpg/revision/latest?cb=20220424215434
Live and Let Die (film),https://static.wikia.nocookie.net/jamesbond/images/4/40/007LALDposter.jpg/revision/latest?cb=20210430004613
The Man with the Golden Gun (film),https://static.wikia.nocookie.net/jamesbond/images/4/40/007TMWTGG.jpg/revision/latest?cb=20210430004900
The Spy Who Loved Me (film),https://static.wikia.nocookie.net/jamesbond/images/b/bb/007TSWLMposter.jpg/revision/latest?cb=20220424215812
Moonraker (film),https://static.wikia.nocookie.net/jamesbond/images/7/7a/Moonraker_%28HD_Poster%29.jpg/revision/latest?cb=20220524093911
For Your Eyes Only (film),https://static.wikia.nocookie.net/jamesbond/images/d/d7/ForYourEyesOnlyPoster.jpg/revision/latest?cb=20220525060657
Octopussy (film),https://static.wikia.nocookie.net/jamesbond/images/0/09/MV5BMjI2MDE0NjE1NV5BMl5BanBnXkFtZTcwNjYyMzY0NA%40%40._V1.._SY1000_CR0%2C0%2C666%2C1000_AL_.jpg/revision/latest?cb=20200821233843
A View to a Kill (film),https://static.wikia.nocookie.net/jamesbond/images/d/d6/A_View_to_a_Kill_Poster.jpg/revision/latest?cb=20220525061249
The Living Daylights (film),https://static.wikia.nocookie.net/jamesbond/images/2/2f/The_Living_Daylights_%28HD_Poster%29.jpg/revision/latest?cb=20220525061906
Licence to Kill (film),https://static.wikia.nocookie.net/jamesbond/images/d/da/007LTKposter.jpg/revision/latest?cb=20211228013403
GoldenEye (film),https://static.wikia.nocookie.net/jamesbond/images/9/91/Goldeneye_movie_poster.jpg/revision/latest?cb=20210429084411
Tomorrow Never Dies (film),https://static.wikia.nocookie.net/jamesbond/images/c/c3/007TNDposter.jpg/revision/latest?cb=20210429084648
The World Is Not Enough (film),https://static.wikia.nocookie.net/jamesbond/images/2/2d/The_World_is_Not_Enough_Theatrical_Poster.jpg/revision/latest?cb=20210429084934
Die Another Day (film),https://static.wikia.nocookie.net/jamesbond/images/b/b2/Dieanotherdayposter.jpg/revision/latest?cb=20190316054239
Casino Royale (film),https://static.wikia.nocookie.net/jamesbond/images/e/e9/James_Bond-_Casino_Royale_Theactrical_Poster.JPG/revision/latest?cb=20210430005435
Quantum of Solace,
Skyfall (film),https://static.wikia.nocookie.net/jamesbond/images/9/93/UK_Skyfall_Poster.jpg/revision/latest?cb=20220525062605
Spectre (film),https://static.wikia.nocookie.net/jamesbond/images/9/95/SPECTRE_poster_1.jpg/revision/latest?cb=20150916083032
No Time to Die (film),https://static.wikia.nocookie.net/jamesbond/images/5/5b/No_Time_to_Die_poster_34.jpg/revision/latest?cb=20210424232352
